tmdb_id,title,lead_actor_id,lead_actor_name,lead_actor_profile_url,lead_actress_id,lead_actress_name,lead_actress_profile_url,director_id,director_name,director_profile_url
1315303,Primate,1571661,Troy Kotsur,https://image.tmdb.org/t/p/w185/24K3og12jGBGL9dqH5OYFdjF9wu.jpg,1295282,Johnny Sequoyah,https://image.tmdb.org/t/p/w185/taFfjOB4lPAx75kJo9yFylKT1ek.jpg,100734,Johannes Roberts,https://image.tmdb.org/t/p/w185/8hHny6atmFXcuNl2m1AP3fIOayz.jpg
1198984,We Bury the Dead,1017347,Brenton Thwaites,https://image.tmdb.org/t/p/w185/4jrtVjdIGJpmgevEPRuIIU9HWcO.jpg,1315036,Daisy Ridley,https://image.tmdb.org/t/p/w185/iVboQmgPC3tYFjezBjrVECJRS8n.jpg,1323509,Zak Hilditch,https://image.tmdb.org/t/p/w185/tD0eIy9YnJOaHoWB1454aDtvGpC.jpg
1601082,Cheetahs Up Close with Bertie Gregory,3039987,Bertie Gregory,https://image.tmdb.org/t/p/w185/33SnXfOwM7RuBnuEPf4ziqXvlF9.jpg,,,,5651532,Jigar Ganatra,
1604628,Wild London,86543,David Attenborough,https://image.tmdb.org/t/p/w185/tt3LW3XftcvxOZtMXmIaJSWFN7y.jpg,,,,1628564,Joe Loncraine,
1180417,The Dutchman,459980,André Holland,https://image.tmdb.org/t/p/w185/riYqFOgYLYH4Hw8p2JYTw5lXGDE.jpg,51072,Kate Mara,https://image.tmdb.org/t/p/w185/oKnhaekgHUQqL7uVa7yn6alySgB.jpg,2977966,Andre Gaines,https://image.tmdb.org/t/p/w185/ovWm28GiCuRRk1Iu2w1dv5tn1RQ.jpg
1604012,Tribute to David Bowie - Heroes Never Die,1071578,Carl Barât,https://image.tmdb.org/t/p/w185/x0SJ0NR1kLLcZdQlpNRobEdjz85.jpg,2209075,Jeanne Added,https://image.tmdb.org/t/p/w185/jztsxJFjWLF4I6u9VuFbSWZROok.jpg,1082880,Thierry Gautier,
1034716,People We Meet on Vacation,1524100,Tom Blyth,https://image.tmdb.org/t/p/w185/q8bkN1GvXqjs1ZGFYWViH9o2WDq.jpg,1902689,Emily Bader,https://image.tmdb.org/t/p/w185/54vsruCMlY2QymN950QoMtINNFA.jpg,932759,Brett Haley,https://image.tmdb.org/t/p/w185/AghtkUjCNMa6Kjyq2xNzFXvs32p.jpg
840464,Greenland 2: Migration,17276,Gerard Butler,https://image.tmdb.org/t/p/w185/i54XoxYieuff2w6MwyfwVUBvmR0.jpg,54882,Morena Baccarin,https://image.tmdb.org/t/p/w185/kBSKKaOtsqIzZPhtEeHfCBmhWl9.jpg,76422,Ric Roman Waugh,https://image.tmdb.org/t/p/w185/cu0MJd4exIgSLgaE0uwMDTFQcpA.jpg
1599078,Marcello Hernández: American Boy,3725495,Marcello Hernández,https://image.tmdb.org/t/p/w185/rpg3sB4eh7KPPjJc6rnc8nOOn78.jpg,,,,60149,Nicholaus Goossen,https://image.tmdb.org/t/p/w185/im0ja2quaZJkcDp2xNZzZIHeIY0.jpg
1454741,The Confession,41464,Scott Mechlowicz,https://image.tmdb.org/t/p/w185/2PMsSnuukuRmHCKcQqqCnD0MIN8.jpg,212429,Italia Ricci,https://image.tmdb.org/t/p/w185/sLQAYErTlb9DiiLlXmUH7me47vK.jpg,223098,Will Canon,https://image.tmdb.org/t/p/w185/qU4LuPlEE4ejdW7VABth5G7sp56.jpg
1263012,Dead Man's Wire,137905,Bill Skarsgård,https://image.tmdb.org/t/p/w185/xBXLx1m0uzhXIbY3wN8lmPGeUHl.jpg,2673750,Myha'la,https://image.tmdb.org/t/p/w185/hRc3igngt5dkpM08i0a3z7gkYWa.jpg,5216,Gus Van Sant,https://image.tmdb.org/t/p/w185/kICHgrSh4eiICjz8piy9fTXIgph.jpg
1601243,Oscar Shaw,64856,Michael Jai White,https://image.tmdb.org/t/p/w185/YPoHYuzR37wFpPpwEXZYQlhLln.jpg,1264690,Cecile Cubiló,https://image.tmdb.org/t/p/w185/9mQO51lWMoc2qC2SwXhtmXjTOwu.jpg,115091,R. Ellis Frazier,https://image.tmdb.org/t/p/w185/kVH64R9QLeOpOl9L7af0iWOnVpi.jpg
1078581,Giant,1739403,Amir El-Masry,https://image.tmdb.org/t/p/w185/naHrnri1hs5mMcvydNIORuM2nQn.jpg,1252523,Katherine Dow Blyton,https://image.tmdb.org/t/p/w185/8LVkMotXNco8Mz86vwk0TFBVZew.jpg,1001595,Rowan Athale,https://image.tmdb.org/t/p/w185/91HmgUcTiXtF9cfgo6Z37z6suAv.jpg
1212461,OBEX,,,,6015042,Dorothy the Dog,https://image.tmdb.org/t/p/w185/8bEb3AYMwF9wOB0c6WEagfzGCRe.jpg,1748300,Albert Birney,https://image.tmdb.org/t/p/w185/7QVFW5DRn8ENAx3ThGSOFWQ24NS.jpg
1432306,Sleepwalker,503,Justin Chatwin,https://image.tmdb.org/t/p/w185/nEHYlooGSwRzkhze1rQ7DOpJXLD.jpg,17265,Hayden Panettiere,https://image.tmdb.org/t/p/w185/bhGkVHCFu8peC4rIXIUMWCQqZR7.jpg,108953,Brandon Auman,https://image.tmdb.org/t/p/w185/vLrQ1R2A0Kabgm4i4oA7ac9soaF.jpg
1591654,A Gangster's Life,109167,Tony Cook,https://image.tmdb.org/t/p/w185/7F6BWp311YTed9xJ42GpgAckHEE.jpg,4153707,Rina Lipa,https://image.tmdb.org/t/p/w185/lsYMhMHYCUEUsYaCb86UKytsSB2.jpg,5852115,Zak Fenning,
1610413,One Last Adventure: The Making of Stranger Things 5,,,,,,,60103,Martina Radwan,
1306368,The Rip,1892,Matt Damon,https://image.tmdb.org/t/p/w185/At3JgvaNeEN4Z4ESKlhhes85Xo3.jpg,964679,Teyana Taylor,https://image.tmdb.org/t/p/w185/5b2dAuTsBejBsdm9SkWX4F7jG9w.jpg,40223,Joe Carnahan,https://image.tmdb.org/t/p/w185/e6cnnUqh6mGIjnRFI4xFc30AqVr.jpg
1584215,The Internship,58428,Philip Winchester,https://image.tmdb.org/t/p/w185/oc7lc2d98lM393blvmFfAGnXSMf.jpg,1520844,Lizzy Greene,https://image.tmdb.org/t/p/w185/iWoWhGJ9gBi206SbVeHY7X2LTiG.jpg,113194,James Bamford,
1146344,Misdirection,81685,Frank Grillo,https://image.tmdb.org/t/p/w185/kuEco4vo1xrsM8DyrNSZUEi593P.jpg,18182,Olga Kurylenko,https://image.tmdb.org/t/p/w185/ei6eYUhQFw2AaV6U5fyPptBaPF0.jpg,86967,Kevin Lewis,
1272837,28 Years Later: The Bone Temple,5469,Ralph Fiennes,https://image.tmdb.org/t/p/w185/pCnVXH1Uo2ODoOit4UXni8OD9VB.jpg,1672504,Erin Kellyman,https://image.tmdb.org/t/p/w185/f7XXomAaSRxE3h5NT0sAlcQTjPL.jpg,1795072,Nia DaCosta,https://image.tmdb.org/t/p/w185/zRyaLNXLT2gKgPvLreyg3GeEIdD.jpg
1412598,Killer Whale,1421393,Mitchell Hope,https://image.tmdb.org/t/p/w185/gpuRDlEhFUvqju2kmzfl6ijWMjR.jpg,1279279,Virginia Gardner,https://image.tmdb.org/t/p/w185/wD0Ib0AqzfIxBL9X0x8YDbKoI2E.jpg,1871358,Jo-Anne Brechin,https://image.tmdb.org/t/p/w185/5BE9R1p23yIS20gNz5wsBnZwGC3.jpg
1323625,Night Patrol,1488960,Jermaine Fowler,https://image.tmdb.org/t/p/w185/tUovrCcFKncccMY7yarqeLBeVPk.jpg,,,,1833217,Ryan Prows,https://image.tmdb.org/t/p/w185/gzs4WsGaneTX11MFGsVkgEs3jp5.jpg
1480025,How to Lose a Popularity Contest,2863584,Chase Hudson,https://image.tmdb.org/t/p/w185/kqSd9Mhc2vGLlGu07KkWk27UZNz.jpg,1305494,Sara Waisglass,https://image.tmdb.org/t/p/w185/eXmeviy5gDv4BxfW81aHlFWgq9v.jpg,1377131,Stephen S. Campanelli,
1236153,Mercy,73457,Chris Pratt,https://image.tmdb.org/t/p/w185/cRH6HPAQ98PlOwwEvhYO4CM9lwu.jpg,933238,Rebecca Ferguson,https://image.tmdb.org/t/p/w185/lJloTOheuQSirSLXNA3JHsrMNfH.jpg,23430,Timur Bekmambetov,https://image.tmdb.org/t/p/w185/w4C8qeeWRvD7rbIj3elTvhdxjT.jpg
1193501,Whistle,2388828,Sky Yang,https://image.tmdb.org/t/p/w185/vOkkOgn7CrSHY1pecVr5p8ZHIcB.jpg,1464650,Dafne Keen,https://image.tmdb.org/t/p/w185/34BhddK5z2YHjfppOleezVrQ7Jt.jpg,1401474,Corin Hardy,https://image.tmdb.org/t/p/w185/zFDndGEhMk0ah8daKr080gNqSZ.jpg
1595481,Kidnapped: Elizabeth Smart,3722624,Steevan Glover,https://image.tmdb.org/t/p/w185/rA6tk3KTzOXPjlJUkZKwPbk9gmO.jpg,1907352,Elizabeth Smart,https://image.tmdb.org/t/p/w185/3YcCbtqFrLqHaOGnT7R7BGAb8Rw.jpg,3285509,Benedict Sanderson,
1475490,The Calling Witch,2269167,Grayson Eddey,,,,,2486378,Mark Wilson,
680493,Return to Silent Hill,225692,Jeremy Irvine,https://image.tmdb.org/t/p/w185/wnyLs0r9j1IB4zK2QBkgg2TyAzZ.jpg,1685904,Hannah Emily Anderson,https://image.tmdb.org/t/p/w185/fSyNGF4pZQj9Ne9IKv9kfimECzk.jpg,8296,Christophe Gans,https://image.tmdb.org/t/p/w185/x4ILnMIY8hYXFpJj5d4M2VTQeFb.jpg
1291659,The Wizard of the Kremlin,17142,Paul Dano,https://image.tmdb.org/t/p/w185/kwxJ98dHuFOZNAZuri5I9cMEX7q.jpg,227454,Alicia Vikander,https://image.tmdb.org/t/p/w185/9pmHTbXeRxUF51jJKthmHI49u9z.jpg,21678,Olivier Assayas,https://image.tmdb.org/t/p/w185/yNhxilJd1QPGf1snqLtesAD7Z6M.jpg
1198994,Send Help,527393,Dylan O'Brien,https://image.tmdb.org/t/p/w185/xN3GdvIlqsR838gDoblhPH0numP.jpg,53714,Rachel McAdams,https://image.tmdb.org/t/p/w185/2zyOjda95OfAAsJvuwTV0UaznPZ.jpg,7623,Sam Raimi,https://image.tmdb.org/t/p/w185/8gssvwiPrFRuFRlr5ruKx68k1Jl.jpg
696393,Cold Storage,1467219,Joe Keery,https://image.tmdb.org/t/p/w185/4DrWP7WP1c2XYlmcgfFSma3J9z3.jpg,1335315,Georgina Campbell,https://image.tmdb.org/t/p/w185/kgXHKjI728Nv7FLVf38S9QzHU2n.jpg,59104,Jonny Campbell,https://image.tmdb.org/t/p/w185/iwS1U5YWw2DM1N414aWWODhl2MK.jpg
1538718,Disneyland Handcrafted,93708,Art Linkletter,https://image.tmdb.org/t/p/w185/jtNTGnWgfcrNjby5nCVdZpcBAT.jpg,77158,Irene Dunne,https://image.tmdb.org/t/p/w185/dbU99laNbB9BRIcqCPTBYG9xbwa.jpg,144960,Leslie Iwerks,https://image.tmdb.org/t/p/w185/5B8gJnyPeI3elyQHYket6fhYvvr.jpg
1450257,Clika,1876878,Jay Dee,,1712047,Nana Ponceleon,,2134135,Michael Greene,
1128377,In Cold Light,1571661,Troy Kotsur,https://image.tmdb.org/t/p/w185/24K3og12jGBGL9dqH5OYFdjF9wu.jpg,1094091,Maika Monroe,https://image.tmdb.org/t/p/w185/ir4tct8MyI8cCzufEiLZ3McuUQN.jpg,1170861,Maxime Giroux,https://image.tmdb.org/t/p/w185/uYY3OLIzz0RGNW3MqgRKaaLU5ER.jpg
1599090,Skyscraper Live,107800,Alex Honnold,https://image.tmdb.org/t/p/w185/jKpVo1wTFK7VoCULHFKpoxDgHRw.jpg,1714705,Elle Duncan,https://image.tmdb.org/t/p/w185/9954Rzshx4Cr914GrcHJRIcwtD3.jpg,1114557,Joe DeMaio,
1339173,Honey Bunch,1570400,Ben Petrie,https://image.tmdb.org/t/p/w185/r2mrAH6U7lh9hQspa9AkREQcwdH.jpg,1199952,Grace Glowicki,https://image.tmdb.org/t/p/w185/4SbxF12ARtTqL6xfbIn8fT0w7HL.jpg,1457578,Madeleine Sims-Fewer,https://image.tmdb.org/t/p/w185/jtga11MRB9RQ5OZZpc9VwnalBqz.jpg
1370424,He's Watching You,1776137,Gianni DeCenzo,https://image.tmdb.org/t/p/w185/dm2WUDeJIOoxmSJXn4KycNGthla.jpg,3417134,Elizabeth Yu,https://image.tmdb.org/t/p/w185/1oNayhi4DS9nbN9cncKpPtOZXeQ.jpg,3020756,Jordon Foss,
1617852,Speed Faster,,,,,,,3525468,Jason Park,
1032892,In the Blink of an Eye,1652371,Daveed Diggs,https://image.tmdb.org/t/p/w185/codalhZzB4LvJTSGOnOyrTEsqsF.jpg,1240487,Kate McKinnon,https://image.tmdb.org/t/p/w185/2cNetzianFcxPQbyOQnkAIkKUZE.jpg,7,Andrew Stanton,https://image.tmdb.org/t/p/w185/fo6ePCWEVB0L1sccrvB99Iaoqcg.jpg
1596291,Queen of Chess,225958,Garry Kasparov,https://image.tmdb.org/t/p/w185/vOE9BQVsU6kYQjK2zRdexDNLZBH.jpg,3522290,Judit Polgar,https://image.tmdb.org/t/p/w185/zJeC4Y3RGRmEgdB1i5mWBHWegab.jpg,1037308,Rory Kennedy,https://image.tmdb.org/t/p/w185/e7Sy1VCnQq5dFEozkTbSXO8U3uU.jpg
1340076,Untitled Home Invasion Romance,21593,Jason Biggs,https://image.tmdb.org/t/p/w185/3nRgOQylYbNuDiddtNoh8uWTz5P.jpg,303020,Meaghan Rath,https://image.tmdb.org/t/p/w185/3RJVUYErS4hwCVOpMNEtTMUJ1PA.jpg,21593,Jason Biggs,https://image.tmdb.org/t/p/w185/3nRgOQylYbNuDiddtNoh8uWTz5P.jpg
1624183,Blackout,2091809,Mike Ferguson,https://image.tmdb.org/t/p/w185/20R1lPw9vqfiv9iyegYoI7ifofW.jpg,5107419,LeeAnne Bauer,https://image.tmdb.org/t/p/w185/9QISx6rIjNuIiWdEMzOW83PDN8n.jpg,5107419,LeeAnne Bauer,https://image.tmdb.org/t/p/w185/9QISx6rIjNuIiWdEMzOW83PDN8n.jpg
1168190,The Wrecking Crew,543530,Dave Bautista,https://image.tmdb.org/t/p/w185/snk6JiXOOoRjPtHU5VMoy6qbd32.jpg,54882,Morena Baccarin,https://image.tmdb.org/t/p/w185/kBSKKaOtsqIzZPhtEeHfCBmhWl9.jpg,1500758,Ángel Manuel Soto,https://image.tmdb.org/t/p/w185/7lu6zFhXB1Na5ANy2pPTIERaAhi.jpg
1290821,Shelter,976,Jason Statham,https://image.tmdb.org/t/p/w185/pXGSq2UpcDE2NMF8LR56QZf5U1q.jpg,4088089,Bodhi Rae Breathnach,https://image.tmdb.org/t/p/w185/sONxErk3r0xfoESAmU3GVTxoPDe.jpg,76422,Ric Roman Waugh,https://image.tmdb.org/t/p/w185/cu0MJd4exIgSLgaE0uwMDTFQcpA.jpg
1413097,Melania,33663,Donald Trump,https://image.tmdb.org/t/p/w185/nkQrZELEgxsvwDSlYkNfpFmsFx4.jpg,1600272,Melania Trump,https://image.tmdb.org/t/p/w185/bKFDuRpcFwXNoQeDjfbYLGzON7G.jpg,11091,Brett Ratner,https://image.tmdb.org/t/p/w185/y40YzrI2ooWiWxfisx6zCZGueEu.jpg
1116201,Iron Lung,1494060,Mark Fischbach,https://image.tmdb.org/t/p/w185/2y59nq7vipTBdRMmMTsy1d4HeiG.jpg,2602912,Caroline Kaplan,https://image.tmdb.org/t/p/w185/oMOswhHN3LfRtziULWTxNiYgAFj.jpg,1494060,Mark Fischbach,https://image.tmdb.org/t/p/w185/2y59nq7vipTBdRMmMTsy1d4HeiG.jpg
1422562,The Moment,28846,Alexander Skarsgård,https://image.tmdb.org/t/p/w185/6VNNddrSrIVgdzhXr4Zg89gmOzY.jpg,1529997,Charli xcx,https://image.tmdb.org/t/p/w185/mUGMrA4PZg5QEBNtj5BfTsTJM8g.jpg,5199133,Aidan Zamiri,https://image.tmdb.org/t/p/w185/4VFdbFNDSIkfEuDPha1K1pa18RU.jpg
1613335,Miracle: The Boys of '80,223121,Herb Brooks,https://image.tmdb.org/t/p/w185/whIW4612cq6IKo26q9UXIIDHAJO.jpg,,,,5930707,Max Gershberg,
1174240,Vampire Zombies...from Space!,1727015,Andrew Bee,https://image.tmdb.org/t/p/w185/jE3mIMwhlxPdWwBAkfvPNTFlQfO.jpg,97913,Judith O'Dea,https://image.tmdb.org/t/p/w185/nihfq3xdU22xnxHKmqA0Mv9rUvv.jpg,96651,Michael Stasko,https://image.tmdb.org/t/p/w185/3YbTZuBF5fNzDSWM3N69hkAeKpM.jpg
1215919,My Sister's Bones,11280,Ben Miles,https://image.tmdb.org/t/p/w185/mT3BqoFUkyktXLvefQA6VxaGHJz.jpg,36820,Jenny Seagrove,https://image.tmdb.org/t/p/w185/ihbxiN3aWehDcF5RZB3gGVsiTjN.jpg,1673274,Heidi Greensmith,https://image.tmdb.org/t/p/w185/5TIv3IKciYsIYsR6T37KSpC4ody.jpg
1433842,Relationship Goals,5384,Method Man,https://image.tmdb.org/t/p/w185/mYJFxOcrda410rS5JHPf0nPuimZ.jpg,93527,Kelly Rowland,https://image.tmdb.org/t/p/w185/kos2E1Ecv6aH66UJYJT04VqEAYX.jpg,1214860,Linda Mendoza,https://image.tmdb.org/t/p/w185/flXrb4QC4ft0ufHZIw2QXNQLZ7x.jpg
1620991,The Investigation of Lucy Letby,,,,4870034,Lucy Letby,,2922667,Dominic Sivyer,
1291335,Solo Mio,32895,Kevin James,https://image.tmdb.org/t/p/w185/3WPW5duZyQcjveefxwLULgIyhM0.jpg,124618,Nicole Grimaudo,https://image.tmdb.org/t/p/w185/1TF2tDGsN8GT0MlhnTdhuB4jo2S.jpg,2822579,Daniel Kinnane,
1010755,The Strangers: Chapter 3,3901,Richard Brake,https://image.tmdb.org/t/p/w185/JwsiErANShzPSdYsNoiNYdrSg1.jpg,1592855,Madelaine Petsch,https://image.tmdb.org/t/p/w185/mfZo30YgMx7vhAUajM8OG6I6VM8.jpg,16938,Renny Harlin,https://image.tmdb.org/t/p/w185/IhXiDrZBrsLZpB5K5BmzUGkp4G.jpg
1088434,Hellfire,32747,Stephen Lang,https://image.tmdb.org/t/p/w185/gnO5VfkDgA2fsHweD0622LUY3Hu.jpg,128628,Scottie Thompson,https://image.tmdb.org/t/p/w185/fx7b87WwORTZxzq8qWvPZS78phg.jpg,78108,Isaac Florentine,https://image.tmdb.org/t/p/w185/4PJrg3l105M2GMNazhu2DXZ1Wce.jpg
1373198,Twisted,938,Djimon Hounsou,https://image.tmdb.org/t/p/w185/tpvtxxvCx2Mb5DV632hmuYlHoiY.jpg,1882502,Lauren LaVera,https://image.tmdb.org/t/p/w185/jNlRSIw8oYbIN7oi4rV8db6XZMm.jpg,2675,Darren Lynn Bousman,https://image.tmdb.org/t/p/w185/7cphExMhm74Y5ELqKCq4lR3fGn8.jpg
1618945,Yoh! Bestie,,,,4293484,Katlego Lebogang,https://image.tmdb.org/t/p/w185/cJicdJkF1FSS29iGjSsDdUmy00j.jpg,4251577,Johnny Barbuzano,https://image.tmdb.org/t/p/w185/zMYjRiJHHqqLcnBXyZmWcl0COII.jpg
846049,The Dresden Sun,3900,Linus Roache,https://image.tmdb.org/t/p/w185/u98VM2S9mbUMCMPvCpk2OUn4Eg2.jpg,6886,Christina Ricci,https://image.tmdb.org/t/p/w185/dzB58d6fNrTEi7nBAU1tySJc2at.jpg,3686182,Michael Ryan,
843342,Hamlet,53240,Riz Ahmed,https://image.tmdb.org/t/p/w185/1uP9RaX7BGVx7XGTEmwObBJJzsC.jpg,1321628,Morfydd Clark,https://image.tmdb.org/t/p/w185/kG1Xg85F9yAggCMquo4XouAOjdo.jpg,1511177,Aneil Karia,https://image.tmdb.org/t/p/w185/6ANgZshj0FcGlxxZdhRUMzuXNSY.jpg
1388771,The Fairfield County Four,99906,John Bloom,https://image.tmdb.org/t/p/w185/tNs5FL2yg0PhEQQwp4oyFWSJ2wI.jpg,3060136,Celeste Blandon,https://image.tmdb.org/t/p/w185/6uHWxNZIEjunZuafqXTh5kAKtJ3.jpg,2031101,Joshua Brucker,https://image.tmdb.org/t/p/w185/gOK7aXrIHoxnqyGc1ojAzk3th0R.jpg
1449400,Reckless,78110,Scott Adkins,https://image.tmdb.org/t/p/w185/9NRr2a1riIn5CWn5McZLJlk4vxR.jpg,,,,3486791,Elliott Montello,
1628484,Katt Williams: The Last Report,58926,Katt Williams,https://image.tmdb.org/t/p/w185/fYnrBTxywuWTHqoRkXj1lEvcNaO.jpg,,,,58868,Troy Miller,https://image.tmdb.org/t/p/w185/BXoyjVsNKHAQOh0MmlPGR5apyU.jpg
1316092,"""Wuthering Heights""",2034418,Jacob Elordi,https://image.tmdb.org/t/p/w185/qZNRPWCP2c5d0YaYLTzHXU9Rdoe.jpg,234352,Margot Robbie,https://image.tmdb.org/t/p/w185/8LqG2N6j98lFGMpuYsRUAhOunSd.jpg,1252934,Emerald Fennell,https://image.tmdb.org/t/p/w185/ytyHUsPb7Saulczm8nCJHypIWQF.jpg
1171145,Crime 101,74568,Chris Hemsworth,https://image.tmdb.org/t/p/w185/piQGdoIQOF3C1EI5cbYZLAW1gfj.jpg,4587,Halle Berry,https://image.tmdb.org/t/p/w185/wtFetpWV8kjBsvzYKN9uEEmPdpy.jpg,859754,Bart Layton,https://image.tmdb.org/t/p/w185/zAc9d3PUZmgls9Xu0lRF9Etw1Mc.jpg
1297842,GOAT,1474123,Caleb McLaughlin,https://image.tmdb.org/t/p/w185/4jVS3EziBn7bf97ErxkW7jsdiLM.jpg,17773,Gabrielle Union,https://image.tmdb.org/t/p/w185/toeSCybsYufRKfgz77AKy4C8axD.jpg,2122835,Tyree Dillihay,https://image.tmdb.org/t/p/w185/cA4rfx4HwDYmmxpJoBclTZTjcEN.jpg
1265609,War Machine,64295,Alan Ritchson,https://image.tmdb.org/t/p/w185/92YNEEpCyugkTzPprJwZpvVtvuK.jpg,,,,143059,Patrick Hughes,https://image.tmdb.org/t/p/w185/1yTU7U9HVchCQ1KO66noEKuK5J2.jpg
1317672,Love Me Love Me,3791174,Pepe Barroso,https://image.tmdb.org/t/p/w185/1aclLzISTojUZ9CrKsRcI1eIJls.jpg,1867690,Mia Jenkins,https://image.tmdb.org/t/p/w185/qlFJG7THmA04TOCntAXtHmOL0J2.jpg,11873,Roger Kumble,https://image.tmdb.org/t/p/w185/njVOmV33aCFRUlBxxLXzLbrmAUS.jpg
1429605,F Valentine's Day,73128,Skylar Astin,https://image.tmdb.org/t/p/w185/dx6xbrerLNKHbUSOdTI68h7qrE3.jpg,1279279,Virginia Gardner,https://image.tmdb.org/t/p/w185/wD0Ib0AqzfIxBL9X0x8YDbKoI2E.jpg,149638,Mark Gantt,https://image.tmdb.org/t/p/w185/9LAakxcZ8rDDqMYnojT0RpI4Yd6.jpg
1243460,Joe's College Road Trip,80602,Tyler Perry,https://image.tmdb.org/t/p/w185/8KU0OizemVLrERXt5HJIa0PAkIN.jpg,2627621,Amber Reign Smith,https://image.tmdb.org/t/p/w185/3YMyankl95BdQe183GZohfdloAL.jpg,80602,Tyler Perry,https://image.tmdb.org/t/p/w185/8KU0OizemVLrERXt5HJIa0PAkIN.jpg
1119449,"Good Luck, Have Fun, Don't Die",6807,Sam Rockwell,https://image.tmdb.org/t/p/w185/afYhNpLwpa65Yy0Q0g00FNFhzx5.jpg,36594,Juno Temple,https://image.tmdb.org/t/p/w185/n20TNExAma6q9iVcWtPRxLl7pEc.jpg,1704,Gore Verbinski,https://image.tmdb.org/t/p/w185/rSQRdmLNAwdKxrtvBSSlBmWeSsj.jpg
1470130,The Mortuary Assistant,167564,Paul Sparks,https://image.tmdb.org/t/p/w185/cQnCJI94lje55gZ7kEQ7YZUQPDb.jpg,1223171,Willa Holland,https://image.tmdb.org/t/p/w185/1GS8AZcIYHoShxaClaHBIelCMBd.jpg,88552,Jeremiah Kipp,https://image.tmdb.org/t/p/w185/r1MjSrWg1pfquAjBzETs8E01KaH.jpg
1154538,Nirvanna the Band the Show the Movie,1144092,Matt Johnson,https://image.tmdb.org/t/p/w185/3COKJ3lpoXhxgRELso9kmwDH29b.jpg,,,,1144092,Matt Johnson,https://image.tmdb.org/t/p/w185/3COKJ3lpoXhxgRELso9kmwDH29b.jpg
1515615,Kissing Is the Easy Part,1768966,Asher Angel,https://image.tmdb.org/t/p/w185/lgBt67iggDs0d8QBSyjdk2ytHtK.jpg,1512122,Paris Berelc,https://image.tmdb.org/t/p/w185/m7m111XcdpYdCdvgBB88AxcCn7u.jpg,1197333,Fawzia Mirza,https://image.tmdb.org/t/p/w185/bqjoExDRdZsylnLyCGsuPZUEXDd.jpg
1401357,Demon Squad: Tooth and Claw,2483993,Rob Eubanks,https://image.tmdb.org/t/p/w185/igeQXcD0pV38QM2ln8Obeu8DRaL.jpg,,,,2718615,Thomas Smith,
799882,The Bluff,1372,Karl Urban,https://image.tmdb.org/t/p/w185/6CkZLwEJxfqqcJHyeXegMAvOlPh.jpg,77234,Priyanka Chopra Jonas,https://image.tmdb.org/t/p/w185/9n2n3fUFI553HKH0CEAb2TPLtCx.jpg,59703,Frank E. Flowers,https://image.tmdb.org/t/p/w185/eguppPFKy8xfEOajWrbHugA0uJ.jpg
1442908,The Singers,5287521,Chris Smither,,,,,2042771,Sam A. Davis,https://image.tmdb.org/t/p/w185/2UEAwTIb0AMYvpFoEuI0FXTMpdL.jpg
1445363,EPiC: Elvis Presley in Concert,21457,Elvis Presley,https://image.tmdb.org/t/p/w185/psf1wJUw48ALsfV3tN31FX0mDW5.jpg,,,,6201,Baz Luhrmann,https://image.tmdb.org/t/p/w185/8K8ih7uFyGanOApYYzlzdxzcfDF.jpg
467905,How to Make a Killing,83271,Glen Powell,https://image.tmdb.org/t/p/w185/fUnIaJkdgvQTztyR1nLeUceSzly.jpg,1392137,Margaret Qualley,https://image.tmdb.org/t/p/w185/jStNyMj3acpLuH48awLVLqqlyaV.jpg,1099792,John Patton Ford,https://image.tmdb.org/t/p/w185/9JuEmMR8xNWZ1vBesh6YC4WhTe7.jpg
1107166,Psycho Killer,1084758,James Preston Rogers,https://image.tmdb.org/t/p/w185/6eVau2kFnU15T7D35OCt1uk5cIl.jpg,1335315,Georgina Campbell,https://image.tmdb.org/t/p/w185/kgXHKjI728Nv7FLVf38S9QzHU2n.jpg,35974,Gavin Polone,https://image.tmdb.org/t/p/w185/eNxVSUj9ZNCLjHpxb4GIPTFz1zk.jpg
1260643,Man on the Run,10215,Paul McCartney,https://image.tmdb.org/t/p/w185/dSheYj41UvBQ4DAEtfyuS1R52Ce.jpg,112923,Linda McCartney,https://image.tmdb.org/t/p/w185/dxyaSK1b09bKraDsJO9UDAfoEdX.jpg,228643,Morgan Neville,https://image.tmdb.org/t/p/w185/gi8kgpBsyEh7AFboSoL1AI5dOhE.jpg
1405769,I Can Only Imagine 2,1869887,J. Michael Finley,https://image.tmdb.org/t/p/w185/Aw2aNQg7mShRwVCUSgBYjaqE0hO.jpg,1623273,Sophie Skelton,https://image.tmdb.org/t/p/w185/oBkearm8XdrYTEK0VCWCGmwURt6.jpg,1097871,Brent McCorkle,https://image.tmdb.org/t/p/w185/tsaSjzxEkYlBoddp7v54C6agP3r.jpg
1639000,Famous Last Words: Eric Dane,58115,Eric Dane,https://image.tmdb.org/t/p/w185/4PsLKBKN4e0zRT2oS4BjE8Xu1un.jpg,,,,553055,Ivan Dudynsky,
1531626,Descendants/ZOMBIES Worlds Collide - Concert Special,1836114,Malachi Barton,https://image.tmdb.org/t/p/w185/lmV6ParCZkniV1OQO71xxfjFjaG.jpg,2309874,Kylie Cantrall,https://image.tmdb.org/t/p/w185/A2onyG1HcYgcmKrxZKSX80g9eY0.jpg,572551,Paul Dugdale,https://image.tmdb.org/t/p/w185/bWM0X1OMVml3FhDph4EGcs3QtHC.jpg
1327688,One Mile: Chapter One,11864,Ryan Phillippe,https://image.tmdb.org/t/p/w185/fgneZFXn0fGG1o7tMzJvHqfHHF7.jpg,2333351,Amélie Hoeferle,https://image.tmdb.org/t/p/w185/7As5CmmphS4xXVkoIkVApFlxzXV.jpg,160177,Adam Davidson,https://image.tmdb.org/t/p/w185/3tpuepUlvPxuAQB8HpNPhBiPgoh.jpg
1340110,Redux Redux,1595506,Jeremy Holm,https://image.tmdb.org/t/p/w185/cOOu1DOY6s59oAMMjtXJ70RicNU.jpg,210126,Michaela McManus,https://image.tmdb.org/t/p/w185/4BfCVZlnaGeMUNO9WeRMyZjX45x.jpg,1007685,Matthew McManus,
1242937,The Dreadful,239019,Kit Harington,https://image.tmdb.org/t/p/w185/iGXlJbExWwZmo9sUDsYuzf4Sv4y.jpg,1001657,Sophie Turner,https://image.tmdb.org/t/p/w185/8ur4aHFakVCinWk0cvrGO8qAUhv.jpg,1765107,Natasha Kermani,https://image.tmdb.org/t/p/w185/eezPhb5tX2K3AspUz6IaGhHdKci.jpg
1439660,Fukushima: A Nuclear Nightmare,,,,,,,2341830,James Jones,https://image.tmdb.org/t/p/w185/hEi8JDgLBPmcYTZdVYkJQ7rv6rN.jpg
1307373,Wasteman,2761308,David Jonsson,https://image.tmdb.org/t/p/w185/2ZZNGZw57KKMrVIr27g7W16G0jV.jpg,,,,5559748,Cal McMau,
1125701,Midwinter Break,8785,Ciarán Hinds,https://image.tmdb.org/t/p/w185/d8wLIX9VYgwXRGSp1gmUdUxmApv.jpg,72305,Lesley Manville,https://image.tmdb.org/t/p/w185/tioPlSoypjdME3oMu3g7XmgIIKS.jpg,1780976,Polly Findlay,https://image.tmdb.org/t/p/w185/2SWDEqrwKTtlwlRiznH3CUJnI64.jpg
1617908,Taylor Tomlinson: Prodigal Daughter,,,,2534682,Taylor Tomlinson,https://image.tmdb.org/t/p/w185/2wUSNpnI31K40KmhJmI9eZxUIwv.jpg,2534682,Taylor Tomlinson,https://image.tmdb.org/t/p/w185/2wUSNpnI31K40KmhJmI9eZxUIwv.jpg
1424965,Ice Skater,3688800,Nikos Koukas,https://image.tmdb.org/t/p/w185/6ra2G1N276Fo3MxqQWZjSAFePDH.jpg,1384976,Thea Sofie Loch Næss,https://image.tmdb.org/t/p/w185/fzd0RI8Vnsw1LoG81YthvdnaeJD.jpg,1204333,Taavi Vartia,https://image.tmdb.org/t/p/w185/1TFJxQcZasadOjUsUxo8k1eZuwf.jpg
1159559,Scream 7,2174509,Mason Gooding,https://image.tmdb.org/t/p/w185/bmlry1xqBzNgv8Chm783ss93Cvg.jpg,9206,Neve Campbell,https://image.tmdb.org/t/p/w185/zQzNg6Kiufj2VCltprI6jilNtl3.jpg,26458,Kevin Williamson,https://image.tmdb.org/t/p/w185/COwE9mGlyMHy2OWkidCffoyap2.jpg
1199193,Pose,5530,James McAvoy,https://image.tmdb.org/t/p/w185/u4REKbm3zhFI2J5tVyqRovGRYUJ.jpg,2044882,Leila Farzad,https://image.tmdb.org/t/p/w185/cjB87g9aZOfmgKBvYhfNCJUM1Kn.jpg,1306720,Jamie Adams,https://image.tmdb.org/t/p/w185/nmROuXzYTaXfoOcjMiUc6zEYI0n.jpg
1327690,One Mile: Chapter Two,11864,Ryan Phillippe,https://image.tmdb.org/t/p/w185/fgneZFXn0fGG1o7tMzJvHqfHHF7.jpg,2333351,Amélie Hoeferle,https://image.tmdb.org/t/p/w185/7As5CmmphS4xXVkoIkVApFlxzXV.jpg,160177,Adam Davidson,https://image.tmdb.org/t/p/w185/3tpuepUlvPxuAQB8HpNPhBiPgoh.jpg
1451867,Ghost Elephants,2767649,Steve Boyes,https://image.tmdb.org/t/p/w185/lD8Y9frwW2pGihlm395W5qvDAT9.jpg,,,,6818,Werner Herzog,https://image.tmdb.org/t/p/w185/qKlz1oM482Xf0jTPfLiR6qXlLYK.jpg
662707,Starbright,655,John Rhys-Davies,https://image.tmdb.org/t/p/w185/qpXl1YnqQsUKYEDm3BB2zK5wbhe.jpg,126932,Elisabeth Röhm,https://image.tmdb.org/t/p/w185/hIlBBZD2Rou4to1OauI799jV1UH.jpg,54638,Francesco Lucente,
1130875,Operation Taco Gary's,35548,Simon Rex,https://image.tmdb.org/t/p/w185/hpFwRpxrJt7k4ccWEwc37xRZ8pT.jpg,88123,Brenda Song,https://image.tmdb.org/t/p/w185/zMteg2Ss2LjIK2HtlIGaNB9t6HV.jpg,1718656,Michael Kvamme,
1465591,Billy Idol Should Be Dead,80117,Billy Idol,https://image.tmdb.org/t/p/w185/fWJxzjzCk3V02k0cFs1KhH8F5vq.jpg,76594,Miley Cyrus,https://image.tmdb.org/t/p/w185/7slnMlDLR1O65U3Hr8gcOmxDlZz.jpg,71329,Jonas Åkerlund,https://image.tmdb.org/t/p/w185/1BLBoGdU4jugE3NpSqlyNGj5xbJ.jpg
1640697,Diabolical - The Epstein Files,2730583,Thomas Massie,https://image.tmdb.org/t/p/w185/wvl4BCU10kiaeZEkTDITxAt3CkV.jpg,3081609,Marjorie Taylor Greene,https://image.tmdb.org/t/p/w185/xYHJ9mznsEh7G7RHzryYPdoW5gG.jpg,3228397,Justin Stevens,
1327819,Hoppers,452205,Bobby Moynihan,https://image.tmdb.org/t/p/w185/gOvwNz5joi5yWJ7dAhuF8WA2aas.jpg,1308818,Piper Curda,https://image.tmdb.org/t/p/w185/oyitEBcracNWMuF8Frhsqkjgzuc.jpg,1491592,Daniel Chong,https://image.tmdb.org/t/p/w185/gMYqVwLdoaPhIFyWUAQrRlGGjkE.jpg
1159831,The Bride!,3894,Christian Bale,https://image.tmdb.org/t/p/w185/7Pxez9J8fuPd2Mn9kex13YALrCQ.jpg,1498158,Jessie Buckley,https://image.tmdb.org/t/p/w185/qbz9175DERSqsCQeYWGJWwqb38z.jpg,1579,Maggie Gyllenhaal,https://image.tmdb.org/t/p/w185/vsfkWdYWmA9CpzMHTJzrFxlDnEZ.jpg
938150,Wardriver,122889,Dane DeHaan,https://image.tmdb.org/t/p/w185/8asHTI9I2Xz0ki018r7b0LuLWf4.jpg,2542319,Sasha Calle,https://image.tmdb.org/t/p/w185/yLZY25AQOC2xKzsWqteyJTcWPK3.jpg,936974,Rebecca Thomas,https://image.tmdb.org/t/p/w185/nGMaPfZ71dm13A3ELBGDyFmZYEy.jpg
875828,Peaky Blinders: The Immortal Man,2037,Cillian Murphy,https://image.tmdb.org/t/p/w185/2lKs67r7FI4bPu0AXxMUJZxmUXn.jpg,933238,Rebecca Ferguson,https://image.tmdb.org/t/p/w185/lJloTOheuQSirSLXNA3JHsrMNfH.jpg,212240,Tom Harper,https://image.tmdb.org/t/p/w185/bt5yUl0oEPjSVwt8ZlFuQrxhv0Y.jpg
1383731,Protector,8654,Matthew Modine,https://image.tmdb.org/t/p/w185/z974QEHL12qUvLyk6hlWGAmDgom.jpg,63,Milla Jovovich,https://image.tmdb.org/t/p/w185/usWnHCzbADijULREZYSJ0qfM00y.jpg,589402,Adrian Grünberg,https://image.tmdb.org/t/p/w185/ubhQE5F4orGeAuQYN1PoY8ZJc3n.jpg
1381027,Good Boy,1115,Stephen Graham,https://image.tmdb.org/t/p/w185/yguEO9zFvuccq87kOJpFLsmUgvs.jpg,127558,Andrea Riseborough,https://image.tmdb.org/t/p/w185/dQzAXj6R8cTRqTwGzxUgegXbV13.jpg,566109,Jan Komasa,https://image.tmdb.org/t/p/w185/hcB9hFhfmqSdzTb9UE7FECt3MYf.jpg
1572073,The Deadly Little Mermaid,3806541,Elliott Eason,https://image.tmdb.org/t/p/w185/yFUC42dpTUZ1PqiHwADHKA09rUX.jpg,,,,4282811,Cameron Uzoka,
1309083,Dolly,57599,Seann William Scott,https://image.tmdb.org/t/p/w185/mKc2YXdh8d4U2jYDwpLWaOY6Jwg.jpg,576223,Fabianne Therese,https://image.tmdb.org/t/p/w185/w1ES3wqpERfngz7DVujVMSpLZ04.jpg,1043983,Rod Blackhurst,https://image.tmdb.org/t/p/w185/t6lSuBMhfbZ8itrn7EQkkOHUrJd.jpg
1644807,Harry Styles. One Night in Manchester.,1052109,Harry Styles,https://image.tmdb.org/t/p/w185/kCHF4vPX9PxjN0CaUt2G2k3fy3J.jpg,2102518,Sarah Jones,https://image.tmdb.org/t/p/w185/3fXiAA4OCAZ8bysYXZE2T1dnYDT.jpg,572551,Paul Dugdale,https://image.tmdb.org/t/p/w185/bWM0X1OMVml3FhDph4EGcs3QtHC.jpg
1633264,Louis Theroux: Inside the Manosphere,219396,Louis Theroux,https://image.tmdb.org/t/p/w185/bd1aUigEuidrND9C1vumCN3pC0o.jpg,,,,4012125,Adrian Choa,https://image.tmdb.org/t/p/w185/b84gilJICSzF81H9cPbCYwtuMl1.jpg
1367642,Reminders of Him,3052321,Tyriq Withers,https://image.tmdb.org/t/p/w185/mAKuI4myaqzM0y8rPNItWXCDo3h.jpg,1094091,Maika Monroe,https://image.tmdb.org/t/p/w185/ir4tct8MyI8cCzufEiLZ3McuUQN.jpg,1579059,Vanessa Caswill,https://image.tmdb.org/t/p/w185/NXSLU0IqoEdFIVtaDaLDqf7TFW.jpg
1480387,undertone,936932,Adam DiMarco,https://image.tmdb.org/t/p/w185/eYEgtlwO7aelRf8PqCh50YEAZU2.jpg,1603514,Nina Kiri,https://image.tmdb.org/t/p/w185/hCELEsasRGhIsS7oRfdhfK3d1Jc.jpg,5435491,Ian Tuason,https://image.tmdb.org/t/p/w185/5nsagSoITyBovBp6vqwCtz0y3fW.jpg
1510745,Bodycam,1476624,Jaime M. Callica,https://image.tmdb.org/t/p/w185/bMdYe1mrsvLp638lNqTqQELroNr.jpg,77622,Catherine Lough Haggquist,https://image.tmdb.org/t/p/w185/3q6uhNYa7Dapl09YtqVrwndmj1l.jpg,1588833,Brandon Christensen,https://image.tmdb.org/t/p/w185/da3en8QZnhFmEVIwvhXdYnP3qPK.jpg
1084187,Pretty Lethal,,,,1483976,Maddie Ziegler,https://image.tmdb.org/t/p/w185/zMY7VuUUvJjzi52bERurbe8vKsR.jpg,1404799,Vicky Jewson,https://image.tmdb.org/t/p/w185/azhlh100FBcbhLEjnxqYi1LWguG.jpg
1493859,Pizza Movie,1653291,Gaten Matarazzo,https://image.tmdb.org/t/p/w185/qOwnmR5gbOT6ygp17YyLlEKXD38.jpg,1883866,Lulu Wilson,https://image.tmdb.org/t/p/w185/7qqMBuvdZoayPVmVZKHBLqUgKiJ.jpg,132311,Nick Kocher,https://image.tmdb.org/t/p/w185/vom5puuwMlXv9FTxqkRyKp9TKzF.jpg
1482168,"The Rise of the Red Hot Chili Peppers: Our Brother, Hillel",15310,Anthony Kiedis,https://image.tmdb.org/t/p/w185/5tsTeYpixbIDtBljiFgPgWt9KQP.jpg,,,,3397785,Ben Feldman,https://image.tmdb.org/t/p/w185/4kNkch35XRlwoBWGiJ4Nr9Yet10.jpg
1297446,Slanted,,,,1714809,Shirley Chen,https://image.tmdb.org/t/p/w185/a3ByGjOWXgPpUHNtwKeS31JUWkF.jpg,4454503,Amy Wang,https://image.tmdb.org/t/p/w185/vDiPkTkRLpjJFihGGa1DsRSF5r0.jpg
1636891,Mexicali,230601,Bren Foster,https://image.tmdb.org/t/p/w185/qRCsPgki64JVreidPI6KAexZxpk.jpg,38666,Tania Raymonde,https://image.tmdb.org/t/p/w185/mnUeSdPXYVXtu4mvRoSIKNmDhPv.jpg,225626,Luke LaFontaine,
874860,Storm Rider: Legend of Hammerhead,1372317,Marco Ilsø,https://image.tmdb.org/t/p/w185/xfcrAKFHq81VVO9axg1zP8JrYCN.jpg,1090062,Sarah-Sofie Boussnina,https://image.tmdb.org/t/p/w185/x2ox5nJzT77qct65fl5z7hEPlPn.jpg,1155992,Zoran Lisinac,https://image.tmdb.org/t/p/w185/wO2EieXyChv8eiKvanXnOkIWSBP.jpg
1115544,Mike & Nick & Nick & Alice,11006,James Marsden,https://image.tmdb.org/t/p/w185/gmM9kCBzMeSGmkVXJGAkm25i9pe.jpg,1222992,Eiza González,https://image.tmdb.org/t/p/w185/9kwfAiMeRUGR6cpZyY8FCuP5MSX.jpg,937016,BenDavid Grabinski,https://image.tmdb.org/t/p/w185/s7OjIcusYmaJGO8vWQR9uTh0cNq.jpg
687163,Project Hail Mary,30614,Ryan Gosling,https://image.tmdb.org/t/p/w185/lyUyVARQKhGxaxy0FbPJCQRpiaW.jpg,7152,Sandra Hüller,https://image.tmdb.org/t/p/w185/t7wGqC2dRwTEnt9Fk5pxQ0uXTqs.jpg,107446,Phil Lord,https://image.tmdb.org/t/p/w185/2MagibFHZxky3FmMubyABUnf4lw.jpg
1604970,AEW Revolution,2026155,Maxwell Jacob Friedman,https://image.tmdb.org/t/p/w185/xwrvYdbosbCDXU2ZVfNo0oQR7e3.jpg,,,,,,
1636918,The Plastic Detox,,,,,,,94815,Louie Psihoyos,https://image.tmdb.org/t/p/w185/cRyShOW3sFmDK75lX0kfP2HTSwQ.jpg
1653045,Inside the Rage Machine,,,,,,,,,
1646950,Capture,2730819,Cedric Gegel,https://image.tmdb.org/t/p/w185/1MNXDrWiTnnH9Kw44gkMNl0llPM.jpg,3107179,Kaitlyn Lunardi,https://image.tmdb.org/t/p/w185/4J0JcAe2TQ7utEqlt7Olw3WqBU3.jpg,2006385,Bruce Wemple,
1266127,Ready or Not: Here I Come,109,Elijah Wood,https://image.tmdb.org/t/p/w185/ayARmqAe9Aab1zg6FjJG0u9MEBo.jpg,1372369,Samara Weaving,https://image.tmdb.org/t/p/w185/7ThO37CpqkBRgrosep0ROVs2q5s.jpg,66681,Matt Bettinelli-Olpin,https://image.tmdb.org/t/p/w185/qFzxsnNFT69Kpdf70UysRdKRylq.jpg
999136,Do Not Enter,1504947,Nicholas Hamilton,https://image.tmdb.org/t/p/w185/6XB730yU5XKJfEhV5W2zV8B9Fmh.jpg,1688664,Francesca Reale,https://image.tmdb.org/t/p/w185/9qqCNZUR1rYzwP81NzXOw3ecGeV.jpg,45928,Marc Klasfeld,https://image.tmdb.org/t/p/w185/rh5MTdjDgmxhnvVKrYwjmgbT18R.jpg
1629369,The Truth and Tragedy of Moriah Wilson,,,,,,,938835,Marina Zenovich,https://image.tmdb.org/t/p/w185/7NACcjaPJdQs4381vfZoKBdPx7x.jpg
1389881,The Cure,83854,David Dastmalchian,https://image.tmdb.org/t/p/w185/nER1Vzhk51pGHb60KBF1Ja5tEXA.jpg,45827,Ashley Greene,https://image.tmdb.org/t/p/w185/7crsfr0klw5iaYvZ3n9ps6RCIhp.jpg,1389040,Nancy Leopardi,https://image.tmdb.org/t/p/w185/sFFa44fS7gMzQFHtF6lpvb3ZPwU.jpg
1400763,Touch Me,17441,Lou Taylor Pucci,https://image.tmdb.org/t/p/w185/25lfbMJruSG5Kmv1zdKfMyrZWB9.jpg,999817,Olivia Taylor Dudley,https://image.tmdb.org/t/p/w185/dcYv3aYSMNbGcYHehUjeEg1UwqY.jpg,2701650,Addison Heimann,https://image.tmdb.org/t/p/w185/jE2LZKBaAW3G0im8XU7Y1qxIr8l.jpg
1637319,Hannah Montana 20th Anniversary Special,78887,Billy Ray Cyrus,https://image.tmdb.org/t/p/w185/ly0Ejh5micQppq2L6UJvbl8Y674.jpg,76594,Miley Cyrus,https://image.tmdb.org/t/p/w185/7slnMlDLR1O65U3Hr8gcOmxDlZz.jpg,1556959,Sam Wrench,https://image.tmdb.org/t/p/w185/odEmgv7BYazCIMgwuMHRZ3ZIwpy.jpg
1242265,Fuze,27428,Aaron Taylor-Johnson,https://image.tmdb.org/t/p/w185/pFtHhih2XEaFaD3qOFyQW6q83br.jpg,1216606,Gugu Mbatha-Raw,https://image.tmdb.org/t/p/w185/sHAnv0kw5JHzWBOP7gAezwqgl8J.jpg,3055,David Mackenzie,https://image.tmdb.org/t/p/w185/ik6YTYOWdgmou40xRyPlCP4tyGC.jpg
1292695,They Will Kill You,19868,Paterson Joseph,https://image.tmdb.org/t/p/w185/7CIVAl4HiuWrmp4r8Jk09sqxTBy.jpg,1545693,Zazie Beetz,https://image.tmdb.org/t/p/w185/sgxzT54GnvgeMnOZgpQQx9csAdd.jpg,2008993,Kirill Sokolov,https://image.tmdb.org/t/p/w185/9ZaHNNeJDrMEiHOwSta7fYiG9Rq.jpg
1325734,The Drama,11288,Robert Pattinson,https://image.tmdb.org/t/p/w185/3qZ09UE7lN6AtorfXFRYpEtSY93.jpg,505710,Zendaya,https://image.tmdb.org/t/p/w185/3WdOloHpjtjL96uVOhFRRCcYSwq.jpg,1280021,Kristoffer Borgli,https://image.tmdb.org/t/p/w185/ftLljVAuKvECl8rAG7JbiGANy8P.jpg
1450527,Forbidden Fruits,,,,1136940,Lili Reinhart,https://image.tmdb.org/t/p/w185/wt4SuihSkEA0bOc0JTtsgCD7pHZ.jpg,2347139,Meredith Alloway,https://image.tmdb.org/t/p/w185/5nCeIKQGRnFNQnNueZ4VYcsVf4A.jpg
1140521,The Magic Faraway Tree,37625,Andrew Garfield,https://image.tmdb.org/t/p/w185/amGkwrFGIuNsbbCE1O84MJJ2ZSa.jpg,120932,Claire Foy,https://image.tmdb.org/t/p/w185/ypQrZFp3UPS6VE4TwGibgG2VB0n.jpg,1172495,Ben Gregor,https://image.tmdb.org/t/p/w185/v5VJP6pKwGSo5neW2cl8ZiWVL0v.jpg
1641961,Untold: The Death & Life of Lamar Odom,1177647,Lamar Odom,https://image.tmdb.org/t/p/w185/lUAGfYKK7sRmtxh9G88IWo3jklP.jpg,1255872,Khloé Kardashian,https://image.tmdb.org/t/p/w185/mhZWidRwh2L85jbtDUCyCEicsf8.jpg,2217600,Ryan Duffy,
1226863,The Super Mario Galaxy Movie,73457,Chris Pratt,https://image.tmdb.org/t/p/w185/cRH6HPAQ98PlOwwEvhYO4CM9lwu.jpg,1397778,Anya Taylor-Joy,https://image.tmdb.org/t/p/w185/qYNofOjlRke2MlJVihmJmEdQI4v.jpg,113901,Michael Jelenic,https://image.tmdb.org/t/p/w185/rzfpbDQ3S3lDqnyMfcGzDv0QCwZ.jpg
1477836,Bone Keeper,655,John Rhys-Davies,https://image.tmdb.org/t/p/w185/qpXl1YnqQsUKYEDm3BB2zK5wbhe.jpg,2171511,Sophia Eleni,https://image.tmdb.org/t/p/w185/1Pixxku3ELObajhxEMHkAR0wDcM.jpg,572295,Howard J. Ford,https://image.tmdb.org/t/p/w185/hakICZOtktpxvqwQdg3db27DXbe.jpg
1462146,S4: The Bob Lazar Story,1653408,Bob Lazar,https://image.tmdb.org/t/p/w185/f9RSED3ffAIFHuJIV3CzfomNP6L.jpg,,,,5360764,Luigi Vendittelli,
1418657,The Yeti,1416383,Jim Cummings,https://image.tmdb.org/t/p/w185/3xZ06yaRBJKHzwqKYrGU4uKMtws.jpg,943913,Brittany Allen,https://image.tmdb.org/t/p/w185/kGLQeglfbdEbD5IursaYRutmRx0.jpg,1344609,Gene Gallerano,https://image.tmdb.org/t/p/w185/lYzfr6l7cFJj3jmSwFpGTmjmXzo.jpg
1662432,Finding Harry: The Craft Behind the Magic,11109,Nick Frost,https://image.tmdb.org/t/p/w185/2CHS4t6miNGLgMQAjhFqb4fFuKS.jpg,5465965,Arabella Stanton,https://image.tmdb.org/t/p/w185/xbX7L0K6tRMoJmUx7Bbk6ffpGSH.jpg,1194206,Eliot Rausch,
1049471,Outcome,6384,Keanu Reeves,https://image.tmdb.org/t/p/w185/8RZLOyYGsoRe9p44q3xin9QkMHv.jpg,6941,Cameron Diaz,https://image.tmdb.org/t/p/w185/d4f4cQ9EiYuvNMjT1IB2h06KoRx.jpg,21007,Jonah Hill,https://image.tmdb.org/t/p/w185/5aE4GgJADHzN1QsS6zkzElZSEYq.jpg
1641319,Sniper: No Nation,228371,Chad Michael Collins,https://image.tmdb.org/t/p/w185/9lcEpAYRBCylYIVMZYXHqfmRzfP.jpg,,,,1181399,Trevor Calverley,
1455079,"You, Me & Tuscany",1628687,Regé-Jean Page,https://image.tmdb.org/t/p/w185/rR5gFJ5kggfYrpFMxybwLtGPcOw.jpg,1735828,Halle Bailey,https://image.tmdb.org/t/p/w185/acOAv6ijsYjLb8p1IyUtdZTgwKC.jpg,59218,Kat Coiro,https://image.tmdb.org/t/p/w185/qDDOjHtPFvYMJuBlke5z8BSvFDo.jpg
1290417,Thrash,938,Djimon Hounsou,https://image.tmdb.org/t/p/w185/tpvtxxvCx2Mb5DV632hmuYlHoiY.jpg,1232756,Phoebe Dynevor,https://image.tmdb.org/t/p/w185/cviluUTn94TaPy9rlVSkHpgGxRR.jpg,76927,Tommy Wirkola,https://image.tmdb.org/t/p/w185/lhvD0FltdzJqrI5xr5IN90nyh6f.jpg
1472951,Infiltrate,73610,Tim Rozon,https://image.tmdb.org/t/p/w185/i43AGRDzYoMPqhTyRKL96H3PSxx.jpg,1501941,Orphée Ladouceur-Nguyen,https://image.tmdb.org/t/p/w185/b64Q2pc8jfLObZ68iKFULhXKYT0.jpg,1955091,James Mark,
855435,Faces of Death,1525047,Dacre Montgomery,https://image.tmdb.org/t/p/w185/v5zhoNq2RgnUEtSLAFLOPLTJWCT.jpg,2340185,Barbie Ferreira,https://image.tmdb.org/t/p/w185/kl59GoAbazPffmmZtSLZmUQCK6S.jpg,2020100,Daniel Goldhaber,https://image.tmdb.org/t/p/w185/iGSjneOkZbnN8ylMNxscvsFPwZY.jpg
