title,release_date,year,tmdb_id,overview,original_language,genre_ids,poster_path,poster_url,backdrop_path,backdrop_url,rating,no_of_persons_voted,popularity,adult
Primate,2026-01-01,2026,1315303,"Lucy, a college student, along with her friends, spend their vacation at her family's home in Hawaii, which includes her pet chimpanzee, Ben. However, when Ben contracts rabies after being bitten by a rabid animal, the group must fight for their lives in order to avoid the now-violent chimp.",en,"27,53",/z97hrgI5wbGbZvSVkBfAeBnFKAg.jpg,https://image.tmdb.org/t/p/w500/z97hrgI5wbGbZvSVkBfAeBnFKAg.jpg,/9uakM2woks0JV8HKIc4oatIVS88.jpg,https://image.tmdb.org/t/p/w500/9uakM2woks0JV8HKIc4oatIVS88.jpg,6.497,543,23.5513,False
We Bury the Dead,2026-01-01,2026,1198984,"After a catastrophic military disaster, the dead don't just rise - they hunt. Ava searches for her missing husband, but what she finds is far more terrifying.",en,"27,53",/xZqo0yPARmyF8TACVNyaOACkYWG.jpg,https://image.tmdb.org/t/p/w500/xZqo0yPARmyF8TACVNyaOACkYWG.jpg,/vbkW4KerpshPZnP84w9qwSfYrhu.jpg,https://image.tmdb.org/t/p/w500/vbkW4KerpshPZnP84w9qwSfYrhu.jpg,6.1,150,12.098,False
Cheetahs Up Close with Bertie Gregory,2026-01-01,2026,1601082,"Bertie arrives in the Serengeti as the spectacular wildebeest migration kicks off. He’s here to film the fastest land animal on Earth: the cheetah. As he gets close to a mother caring for her tiny cubs and a young group of males executing phenomenal hunts as a team, he learns about the unexpected challenges the species endures.",en,99,/pSmSgFb1cnRQep0OzcuKWMYWeqR.jpg,https://image.tmdb.org/t/p/w500/pSmSgFb1cnRQep0OzcuKWMYWeqR.jpg,/snyThv9JMTLqyfNfnpGk6q356SB.jpg,https://image.tmdb.org/t/p/w500/snyThv9JMTLqyfNfnpGk6q356SB.jpg,7.184,19,1.7317,False
Wild London,2026-01-01,2026,1604628,"After a life spent travelling the globe, the world’s most famous naturalist turns his attention closer to home to explore the wildlife of England’s iconic capital. Having lived in London for 75 years, Sir David has an intimate knowledge of the city’s natural history, and there's no better guide to introduce us to its most spectacular wildlife secrets. Captured over his centennial year, this personal and poignant film is a timely insight into how cities can become homes for wildlife as well as ourselves.",en,99,/3yTYwbilgxE240qShWxcNmp9WHZ.jpg,https://image.tmdb.org/t/p/w500/3yTYwbilgxE240qShWxcNmp9WHZ.jpg,/6j0SlqmwlwTWeT6BlnD9JtYIOGk.jpg,https://image.tmdb.org/t/p/w500/6j0SlqmwlwTWeT6BlnD9JtYIOGk.jpg,7.9,12,0.7957,False
The Dutchman,2026-01-02,2026,1180417,"A successful black businessman, haunted by his crumbling marriage and identity crisis, is drawn into a psychological game of cat and mouse with a mysterious white woman he encounters on a New York subway.",en,"18,53",/v7CCosgX9LcSpt7bXmqw5OzTFTV.jpg,https://image.tmdb.org/t/p/w500/v7CCosgX9LcSpt7bXmqw5OzTFTV.jpg,/bUktSJyiZIs4qPpMopjz2NMY0s9.jpg,https://image.tmdb.org/t/p/w500/bUktSJyiZIs4qPpMopjz2NMY0s9.jpg,4.566,38,2.496,False
Lost in Paradise,2026-01-03,2026,1592021,"When the founder of a high-end fashion company gets marooned on a ""deserted"" island with a chef, romance blossoms as they work together to survive.",en,"10749,10770,35",/2wOmjscD10xSeZ1d7LgFiBGcSvt.jpg,https://image.tmdb.org/t/p/w500/2wOmjscD10xSeZ1d7LgFiBGcSvt.jpg,/vZJPMb6T6jA2f0HQcMT0QVQn2Oj.jpg,https://image.tmdb.org/t/p/w500/vZJPMb6T6jA2f0HQcMT0QVQn2Oj.jpg,6.9,14,0.7351,False
Tribute to David Bowie - Heroes Never Die,2026-01-05,2026,1604012,"The Molotovs kick things off in style with “Rebel Rebel,” followed by magical covers of “Heroes” (The Horrors), ‘Fascination’ (La Roux), “Let's Dance” (Jeanne Added), “Rock'n'Roll Suicide” (The Libertines), “Sound and Vision” (Anna Calvi), “Starman” (The Divine Comedy), and “The Man Who Sold the World” (Yasmine Hamdan): eight intense reinterpretations of David Bowie's work, delivered during an arty and decidedly London-esque stroll, which, from stage to studio, recreates the fragile intensity of a live performance.",en,"99,10402",/qAdZbSJB9ACUkv6R6oZ99Nv2P02.jpg,https://image.tmdb.org/t/p/w500/qAdZbSJB9ACUkv6R6oZ99Nv2P02.jpg,/dEkxY9nmQtD5dSGvcMST4DiICrs.jpg,https://image.tmdb.org/t/p/w500/dEkxY9nmQtD5dSGvcMST4DiICrs.jpg,4.4,5,0.5457,False
People We Meet on Vacation,2026-01-06,2026,1034716,"Poppy's a free spirit. Alex loves a plan. After years of summer vacations, these polar-opposite pals wonder if they could be a perfect romantic match.",en,"35,10749,18",/peG6482ALJQ9Tbvv2P38BquVk0f.jpg,https://image.tmdb.org/t/p/w500/peG6482ALJQ9Tbvv2P38BquVk0f.jpg,/qth56RA3rkUlhbDRDKGeMJEssdi.jpg,https://image.tmdb.org/t/p/w500/qth56RA3rkUlhbDRDKGeMJEssdi.jpg,7.0,539,8.4077,False
Greenland 2: Migration,2026-01-07,2026,840464,"Having found the safety of the Greenland bunker after the comet Clarke decimated the Earth, the Garrity family must now risk everything to embark on a perilous journey across the wasteland of Europe to find a new home.",en,"12,53,878",/z2tqCJLsw6uEJ8nJV8BsQXGa3dr.jpg,https://image.tmdb.org/t/p/w500/z2tqCJLsw6uEJ8nJV8BsQXGa3dr.jpg,/wns4x1GyxCudgOZRyhXKjXVJf3T.jpg,https://image.tmdb.org/t/p/w500/wns4x1GyxCudgOZRyhXKjXVJf3T.jpg,6.5,825,228.9322,False
Marcello Hernández: American Boy,2026-01-07,2026,1599078,"Filmed in Miami, Hernández's special features his comedic take on his first-generation American upbringing before a local audience.",en,35,/qPTc7XVWYHldMn7UmYvGXWXv4I9.jpg,https://image.tmdb.org/t/p/w500/qPTc7XVWYHldMn7UmYvGXWXv4I9.jpg,/b2qSURjTrHTJRKYEJ0gIKOACZdC.jpg,https://image.tmdb.org/t/p/w500/b2qSURjTrHTJRKYEJ0gIKOACZdC.jpg,6.4,11,1.3264,False
The Confession,2026-01-08,2026,1454741,"A woman finds her late father’s tape confessing to murder tied to an evil force—now her son shows the same darkness, and she must fight to stop it.",en,27,/7tmMQwSVVbijKV4lquYpBld3P9K.jpg,https://image.tmdb.org/t/p/w500/7tmMQwSVVbijKV4lquYpBld3P9K.jpg,/lALfCsv7YMNrqpWzIaxjS81JKOm.jpg,https://image.tmdb.org/t/p/w500/lALfCsv7YMNrqpWzIaxjS81JKOm.jpg,5.8,24,7.1178,False
Dead Man's Wire,2026-01-09,2026,1263012,"In 1977, former real estate developer Tony Kiritsis puts a dead man's switch on himself and the mortgage banker who did him wrong, demanding $5 million and a personal apology.",en,"80,18,53",/dgSoeebklY0IGKWbp36r9FwRXlv.jpg,https://image.tmdb.org/t/p/w500/dgSoeebklY0IGKWbp36r9FwRXlv.jpg,/ulw8SrKbDeDrsSVNKPb5211AseI.jpg,https://image.tmdb.org/t/p/w500/ulw8SrKbDeDrsSVNKPb5211AseI.jpg,6.4,87,4.728,False
Oscar Shaw,2026-01-09,2026,1601243,"After retiring from the police force, a relentless detective haunted by the tragic loss of his closest friend sets out on a perilous quest for vengeance, seeking redemption and fighting to restore justice to the streets he once swore to protect.",en,"28,80,53,37",/tsE3nySukwrfUjouz8vzvKTcXNC.jpg,https://image.tmdb.org/t/p/w500/tsE3nySukwrfUjouz8vzvKTcXNC.jpg,/6D6M5z4reppUxo2cnBEKI02Csp1.jpg,https://image.tmdb.org/t/p/w500/6D6M5z4reppUxo2cnBEKI02Csp1.jpg,6.483,29,41.591,False
Giant,2026-01-09,2026,1078581,"Follows Prince Naseem Hamed from his humble beginnings on the tough working-class streets of Sheffield and his discovery by Ingle, himself a steel industry worker turned boxing trainer. Their unlikely partnership, Naz’s unorthodox style, cocky persona, and sheer dominance in the ring propelled them to the top of boxing’s elite and unprecedented levels of global superstardom, all in the face of the rampant Islamophobia and racism of ’80s and 90’s Britain.",en,"18,36",/1KKmUdFulYDVSV31nQt9LVm3Oue.jpg,https://image.tmdb.org/t/p/w500/1KKmUdFulYDVSV31nQt9LVm3Oue.jpg,/53Ey8CIdc9jeS7fB4TCyxQTCjm6.jpg,https://image.tmdb.org/t/p/w500/53Ey8CIdc9jeS7fB4TCyxQTCjm6.jpg,6.846,13,2.9595,False
OBEX,2026-01-09,2026,1212461,"Conor Marsh lives a secluded life with his dog, Sandy, until one day he begins playing OBEX, a new, state-of-the-art computer game. When Sandy goes missing, the line between reality and game blurs and Conor must venture into the strange world of OBEX to bring her home.",en,"14,12,27",/989voQxc9qAJKuBaoBHngqnpLsD.jpg,https://image.tmdb.org/t/p/w500/989voQxc9qAJKuBaoBHngqnpLsD.jpg,/77aCeoWOA5toCWk67lTAzrfW92Y.jpg,https://image.tmdb.org/t/p/w500/77aCeoWOA5toCWk67lTAzrfW92Y.jpg,5.227,11,0.9626,False
Sleepwalker,2026-01-09,2026,1432306,"A grieving mother is haunted by the tragic loss of her daughter in a car accident that left her abusive husband in a coma. As she battles a surreal descent into darkness, her sleepwalking episodes intensify. Plagued by haunting visions of her husband inside their home, she grapples with the blurred lines between reality and nightmare.",en,"53,27",/760SP4VsZagpyB9WLfeZykE3DFg.jpg,https://image.tmdb.org/t/p/w500/760SP4VsZagpyB9WLfeZykE3DFg.jpg,/2dYKSPT1SJZVlKwXHic4Ma53f0X.jpg,https://image.tmdb.org/t/p/w500/2dYKSPT1SJZVlKwXHic4Ma53f0X.jpg,3.8,6,1.1717,False
A Gangster's Life,2026-01-09,2026,1591654,"When two low-level criminals scam a vicious London mob and are in over their heads, they flee to rural Greece to avoid the bloody repercussions. But escape isn't that simple.",en,"80,35",/lchd153kuw8NB6s2mOC1kE8hTzn.jpg,https://image.tmdb.org/t/p/w500/lchd153kuw8NB6s2mOC1kE8hTzn.jpg,/lq2wy4hY2iqcCRIn7Teh07QjfxR.jpg,https://image.tmdb.org/t/p/w500/lq2wy4hY2iqcCRIn7Teh07QjfxR.jpg,5.6,5,1.4019,False
Death Name,2026-01-09,2026,1471317,"A young Korean American woman yearns to learn more about her heritage, not knowing the further she digs, the more she reawakens a deadly family curse.",en,"27,10770",/uhyhWRzgCSiVfY0Ighgz9ujP85T.jpg,https://image.tmdb.org/t/p/w500/uhyhWRzgCSiVfY0Ighgz9ujP85T.jpg,/yBGYtRJEyVgH9FNukSPd5JsDzrL.jpg,https://image.tmdb.org/t/p/w500/yBGYtRJEyVgH9FNukSPd5JsDzrL.jpg,4.3,5,0.6115,False
A Melbourne Match,2026-01-10,2026,1591916,"Georgie, a travel writer, travels to Melbourne for an assignment where she meets Zach, an ex-Australian footballer who agrees to be her tour guide and shows her that there's more to life than work.",en,"10749,10770,35",/Nm49NSh8UUGtEMmTUImjZFZuAs.jpg,https://image.tmdb.org/t/p/w500/Nm49NSh8UUGtEMmTUImjZFZuAs.jpg,/3rl6GCR9AkA7BnR7Acv4KIE0ToJ.jpg,https://image.tmdb.org/t/p/w500/3rl6GCR9AkA7BnR7Acv4KIE0ToJ.jpg,6.5,8,0.4618,False
One Last Adventure: The Making of Stranger Things 5,2026-01-11,2026,1610413,An inside look at the years of effort and craft that went into the final installment of the Duffer Brothers' generation-defining series.,en,99,/iX3ccl1TUNZgu4cNUm1pRLcevww.jpg,https://image.tmdb.org/t/p/w500/iX3ccl1TUNZgu4cNUm1pRLcevww.jpg,/edGuDPKY6qHBg9hYvmnvLjcFoy4.jpg,https://image.tmdb.org/t/p/w500/edGuDPKY6qHBg9hYvmnvLjcFoy4.jpg,7.518,84,4.9495,False
The Rip,2026-01-13,2026,1306368,"Trust frays when a team of Miami cops discovers millions in cash inside a run-down stash house, calling everyone — and everything — into question.",en,"28,53,80",/eZo31Dhl5BQ6GfbMNf3oU0tUvPZ.jpg,https://image.tmdb.org/t/p/w500/eZo31Dhl5BQ6GfbMNf3oU0tUvPZ.jpg,/3F2EXWF1thX0BdrVaKvnm6mAhqh.jpg,https://image.tmdb.org/t/p/w500/3F2EXWF1thX0BdrVaKvnm6mAhqh.jpg,7.0,1480,56.9417,False
The Internship,2026-01-13,2026,1584215,"A CIA-trained assassin recruits other graduates from her secret childhood program, The Internship, to violently destroy the organization. The CIA fights back with deadly force.",en,28,/fYqSOkix4rbDiZW0ACNnvZCpT6X.jpg,https://image.tmdb.org/t/p/w500/fYqSOkix4rbDiZW0ACNnvZCpT6X.jpg,/eUERZRVjCTNdgnESlQxyaOJ2d4K.jpg,https://image.tmdb.org/t/p/w500/eUERZRVjCTNdgnESlQxyaOJ2d4K.jpg,6.23,63,38.3173,False
Misdirection,2026-01-13,2026,1146344,"A desperate couple have pulled off a string of high-end break-ins to pay off a mob debt. When they attempt to rob their latest victim, they find themselves caught in a deadly game of cat and mouse. The tables are turned and the hunters become the hunted.",en,"27,53",/z7padnoIDHbmxPdqEHryhqlaVqc.jpg,https://image.tmdb.org/t/p/w500/z7padnoIDHbmxPdqEHryhqlaVqc.jpg,/pgVvGaqM77sQR90OeMMVNvQAxbg.jpg,https://image.tmdb.org/t/p/w500/pgVvGaqM77sQR90OeMMVNvQAxbg.jpg,5.814,35,6.5442,False
28 Years Later: The Bone Temple,2026-01-14,2026,1272837,Dr. Kelson finds himself in a shocking new relationship - with consequences that could change the world as they know it - and Spike's encounter with Jimmy Crystal becomes a nightmare he can't escape.,en,"27,53,878",/kK1BGkG3KAvWB0WMV1DfOx9yTMZ.jpg,https://image.tmdb.org/t/p/w500/kK1BGkG3KAvWB0WMV1DfOx9yTMZ.jpg,/hHDNOlATHhre4eZ7aYz5cdyJLik.jpg,https://image.tmdb.org/t/p/w500/hHDNOlATHhre4eZ7aYz5cdyJLik.jpg,7.168,979,59.9416,False
Killer Whale,2026-01-16,2026,1412598,Follows best friends Maddie and Trish as they find themselves trapped in a remote lagoon with the dangerous killer whale named Ceto.,en,"53,27,28,9648,878",/xC6zdIoIHjhOIFmjNyGgtzhuhiF.jpg,https://image.tmdb.org/t/p/w500/xC6zdIoIHjhOIFmjNyGgtzhuhiF.jpg,/ykigHs1OIyqqV04zfFqIlSHp546.jpg,https://image.tmdb.org/t/p/w500/ykigHs1OIyqqV04zfFqIlSHp546.jpg,5.664,73,16.3688,False
Night Patrol,2026-01-16,2026,1323625,An L.A. cop discovers a local task force is hiding a secret that puts the residents of his childhood neighborhood in danger.,en,"27,9648,28",/rNqLzACU9ez2ehDalTFDPjZiC4G.jpg,https://image.tmdb.org/t/p/w500/rNqLzACU9ez2ehDalTFDPjZiC4G.jpg,/vHvVt2Lovn4G6of9u3pHEQE2CxI.jpg,https://image.tmdb.org/t/p/w500/vHvVt2Lovn4G6of9u3pHEQE2CxI.jpg,5.125,44,7.206,False
How to Lose a Popularity Contest,2026-01-16,2026,1480025,"A rebellious student and a perfectionist overachiever form an unlikely alliance in their race for student body president, discovering unexpected feelings along the way.",en,"10749,35",/9lmyPaz7yTabWW2yiAkw952CvRQ.jpg,https://image.tmdb.org/t/p/w500/9lmyPaz7yTabWW2yiAkw952CvRQ.jpg,/p6RXoveMLzMGrmfCsRgARNRIYHZ.jpg,https://image.tmdb.org/t/p/w500/p6RXoveMLzMGrmfCsRgARNRIYHZ.jpg,6.1,8,1.7444,False
Love on the Amazon,2026-01-17,2026,1592734,"Claire travels to Brazil and hires Danny, a riverboat captain, to help her deliver an important message for her sister Amelia, a marine biologist studying pink dolphins on the Amazon River.",en,"10749,10770",/htrU3ly6waXgL74qbP2890BT8YL.jpg,https://image.tmdb.org/t/p/w500/htrU3ly6waXgL74qbP2890BT8YL.jpg,/k3TMJGWn4nNkTbp4VEx6IEjvFPe.jpg,https://image.tmdb.org/t/p/w500/k3TMJGWn4nNkTbp4VEx6IEjvFPe.jpg,6.6,8,0.5666,False
Mercy,2026-01-20,2026,1236153,"In the near future, a detective stands on trial accused of murdering his wife. He has ninety minutes to prove his innocence to the advanced AI Judge he once championed, before it determines his fate.",en,"878,28,53,80",/pyok1kZJCfyuFapYXzHcy7BLlQa.jpg,https://image.tmdb.org/t/p/w500/pyok1kZJCfyuFapYXzHcy7BLlQa.jpg,/gIClklFGYBe0uiOoiP2vtocJbss.jpg,https://image.tmdb.org/t/p/w500/gIClklFGYBe0uiOoiP2vtocJbss.jpg,6.992,1036,87.197,False
Whistle,2026-01-20,2026,1193501,"A misfit group of unwitting high school students stumble upon a cursed object, an ancient Aztec Death Whistle. They discover that blowing the whistle and the terrifying sound it emits will summon their future deaths to hunt them down.",en,"27,9648",/eGxPyseSnEZBMJaopGfRUO9HSYx.jpg,https://image.tmdb.org/t/p/w500/eGxPyseSnEZBMJaopGfRUO9HSYx.jpg,/yJi6g0CnsqANLNuVaRX28tZxeHX.jpg,https://image.tmdb.org/t/p/w500/yJi6g0CnsqANLNuVaRX28tZxeHX.jpg,5.951,225,104.1424,False
Kidnapped: Elizabeth Smart,2026-01-20,2026,1595481,Elizabeth Smart's harrowing abduction at 14 from her family's Utah home unfolds through her own words and never-before-seen material in this documentary.,en,"99,80",/8yuMPfz154d0PqX5PFXmgCCuTGd.jpg,https://image.tmdb.org/t/p/w500/8yuMPfz154d0PqX5PFXmgCCuTGd.jpg,/dTRZJuN9w5cW5FjuxxyJGXfwQdl.jpg,https://image.tmdb.org/t/p/w500/dTRZJuN9w5cW5FjuxxyJGXfwQdl.jpg,7.153,75,1.8068,False
The Calling Witch,2026-01-20,2026,1475490,A brother and sister are terrorized by what seems to be their late-author mother's most sinister literary creation - The Calling Witch.,en,"53,27,18",/q8o2NzIH4ze28NAVs1eRkejAJIk.jpg,https://image.tmdb.org/t/p/w500/q8o2NzIH4ze28NAVs1eRkejAJIk.jpg,/aFqLp6XfmzrYNSVlyKoQU7WT1PX.jpg,https://image.tmdb.org/t/p/w500/aFqLp6XfmzrYNSVlyKoQU7WT1PX.jpg,5.6,10,4.8178,False
Return to Silent Hill,2026-01-21,2026,680493,"When James receives a mysterious letter from his lost love Mary, he is drawn to Silent Hill—a once-familiar town now consumed by darkness. As he searches for her, James faces monstrous creatures and unravels a terrifying truth that will push him to the edge of his sanity.",en,"9648,18,27",/fqAGFN2K2kDL0EHxvJaXzaMUkkt.jpg,https://image.tmdb.org/t/p/w500/fqAGFN2K2kDL0EHxvJaXzaMUkkt.jpg,/v0NEB75SZjxY8GS3ho8WeEvjIT3.jpg,https://image.tmdb.org/t/p/w500/v0NEB75SZjxY8GS3ho8WeEvjIT3.jpg,4.991,316,85.6658,False
The Wizard of the Kremlin,2026-01-21,2026,1291659,"Russia, early 1990s. Amid post-Soviet chaos, a brilliant young man, Vadim Baranov, charts his path. First an artist, then a reality TV producer, he becomes the spin doctor to a rising KGB agent: Vladimir Putin. At the heart of power, Baranov shapes the new Russia, blurring the boundaries between truth and lies, belief and manipulation. Only the magnetic Ksenia is beyond his control, tempting him away from this dangerous game. Years later, after retreating into silence and shrouded in mystery, Baranov finally opens up, revealing the dark secrets of the regime he helped build.",en,18,/l8eEJ6iQPGLala7Oo43LTYb31fM.jpg,https://image.tmdb.org/t/p/w500/l8eEJ6iQPGLala7Oo43LTYb31fM.jpg,/muQBvHrG25EYQjgLVA6YQkcrnZH.jpg,https://image.tmdb.org/t/p/w500/muQBvHrG25EYQjgLVA6YQkcrnZH.jpg,6.4,110,5.9232,False
Send Help,2026-01-22,2026,1198994,"Two colleagues become stranded on a deserted island, the only survivors of a plane crash. On the island, they must overcome past grievances and work together to survive, but ultimately, it's a battle of wills and wits to make it out alive.",en,"27,53,35",/mjkS2iAgWj3ik1DTjvI15nHZ7yl.jpg,https://image.tmdb.org/t/p/w500/mjkS2iAgWj3ik1DTjvI15nHZ7yl.jpg,/gCmfeKmEAZBP5gcXpiqb0gii9rS.jpg,https://image.tmdb.org/t/p/w500/gCmfeKmEAZBP5gcXpiqb0gii9rS.jpg,7.062,888,109.0431,False
Cold Storage,2026-01-22,2026,696393,"When a mutating, highly contagious fungus escapes a sealed facility, two employees – joined by a grizzled bioterror operative – must survive the wildest night shift ever to save humanity from extinction.",en,"27,878,35",/pfqkETJ2A3zXZJuNcufZbAJNnKA.jpg,https://image.tmdb.org/t/p/w500/pfqkETJ2A3zXZJuNcufZbAJNnKA.jpg,/puqQGxK9HYITUKhCdREg3XOLlZd.jpg,https://image.tmdb.org/t/p/w500/puqQGxK9HYITUKhCdREg3XOLlZd.jpg,6.704,302,22.4666,False
Disneyland Handcrafted,2026-01-22,2026,1538718,"Oscar and Emmy nominated filmmaker Leslie Iwerks returns with an all-new Disney documentary giving viewers an up-close look at the dedication, effort, and passion that was required to realize a dream that would go on to inspire millions around the world.",en,99,/81szv19zvs5fGqXtWau6tXzfC4T.jpg,https://image.tmdb.org/t/p/w500/81szv19zvs5fGqXtWau6tXzfC4T.jpg,/lUUzdpdlQiYno9rFrQ4EJOACQy5.jpg,https://image.tmdb.org/t/p/w500/lUUzdpdlQiYno9rFrQ4EJOACQy5.jpg,6.826,23,1.6244,False
Clika,2026-01-22,2026,1450257,"Aspiring small-town musician Chito is determined to make it big. When a clip of him performing one of his songs goes viral, he seizes the opportunity and pushes to carve out a place for himself in the new wave of Mexican-American music... and ultimately gets caught in a game more dangerous than anticipated.",en,"10402,18",/82Vh8PSzWtBi0CLWrnJdRhGYxEr.jpg,https://image.tmdb.org/t/p/w500/82Vh8PSzWtBi0CLWrnJdRhGYxEr.jpg,/juj498fB0FRZHRKrirHL61gMqUs.jpg,https://image.tmdb.org/t/p/w500/juj498fB0FRZHRKrirHL61gMqUs.jpg,5.5,14,10.1134,False
In Cold Light,2026-01-23,2026,1128377,"Fresh out of prison, Ava's attempt to reclaim her drug operation collapses when she witnesses a brutal crime, forcing her to flee into a nightmarish underworld where allies are scarce and enemies multiply by the minute.",en,"53,80",/rnrrZfFiUIpL00wUh15OBKStnDD.jpg,https://image.tmdb.org/t/p/w500/rnrrZfFiUIpL00wUh15OBKStnDD.jpg,/AmTImtiEa13vujOEgTbqgzGcfyK.jpg,https://image.tmdb.org/t/p/w500/AmTImtiEa13vujOEgTbqgzGcfyK.jpg,5.9,28,2.6067,False
Skyscraper Live,2026-01-23,2026,1599090,"No ropes. No fear. Free solo legend Alex Honnold risks it all in a high-stakes, live ascent of one of the world's tallest skyscrapers in Taipei, Taiwan.",en,"12,99",/hbURquxQUJXFfeqpjzmHekRmyqb.jpg,https://image.tmdb.org/t/p/w500/hbURquxQUJXFfeqpjzmHekRmyqb.jpg,/ln4AcBFey31UWfW3cQdKPwdfvAd.jpg,https://image.tmdb.org/t/p/w500/ln4AcBFey31UWfW3cQdKPwdfvAd.jpg,7.442,26,5.6582,False
Honey Bunch,2026-01-23,2026,1339173,"Diana's husband is taking her to an experimental trauma facility deep in the wilderness, but she can't remember why... As her memories begin to creep back in so do some unwelcome sinister truths about her marriage.",en,"14,27,878,53",/rR6zS2sPpcjND92cCLmsuMNok7M.jpg,https://image.tmdb.org/t/p/w500/rR6zS2sPpcjND92cCLmsuMNok7M.jpg,/9L5Ekpoy4zT6o00qKUmZTeTkaVf.jpg,https://image.tmdb.org/t/p/w500/9L5Ekpoy4zT6o00qKUmZTeTkaVf.jpg,6.217,23,1.3784,False
He's Watching You,2026-01-23,2026,1370424,"When a string of murders rocks his quiet town, a teen's search for answers leads him to a hidden stash of VHS tapes that may contain clues to solve the mystery of the serial killer known only as ""The Pill.""",en,"27,53",/lGrxMTGzoO120uuHuYxwbv5Ypcw.jpg,https://image.tmdb.org/t/p/w500/lGrxMTGzoO120uuHuYxwbv5Ypcw.jpg,/j4NdsFyYxPYAZl7ZYTD9wq1Tis2.jpg,https://image.tmdb.org/t/p/w500/j4NdsFyYxPYAZl7ZYTD9wq1Tis2.jpg,6.4,8,3.7488,False
Speed Faster,2026-01-23,2026,1617852,"Ace and his crew of elite street racers are forced into a high-stakes mission when a shadowy organization threatens someone close to him. In the aftermath of Four Amigos, they find themselves working for the infamous Church of Assassins, tasked with pulling off an impossible job. But as they push their limits, they uncover a chilling truth-failure was always part of the plan. Betrayal, speed, and survival collide in this adrenaline-fueled thriller where the real race isn't just for victory, but for their lives.",en,"28,53",/dKYp9uUlDufvL0gWHve8nuzePdk.jpg,https://image.tmdb.org/t/p/w500/dKYp9uUlDufvL0gWHve8nuzePdk.jpg,/nUMclZJRRwREfeP8liJ7LOddjnY.jpg,https://image.tmdb.org/t/p/w500/nUMclZJRRwREfeP8liJ7LOddjnY.jpg,6.4,6,0.6393,False
Caught by Love,2026-01-24,2026,1591919,"While on a journey of self-discovery, a resort guest gets swept into an undercover investigation for stolen jewels that turns into an unexpected and adventurous romance.",en,"10749,10770",/vuYeFhJn6MfrPJ36OF7mT0sE360.jpg,https://image.tmdb.org/t/p/w500/vuYeFhJn6MfrPJ36OF7mT0sE360.jpg,/zQmeIPkaPlle1tWjrx7Nnja11tN.jpg,https://image.tmdb.org/t/p/w500/zQmeIPkaPlle1tWjrx7Nnja11tN.jpg,6.35,10,0.9759,False
In the Blink of an Eye,2026-01-26,2026,1032892,"Three storylines, spanning thousands of years, intersect and reflect on hope, connection, and the circle of life.",en,"878,18",/4vWqIdoBavo1htxmxlScDniOS9C.jpg,https://image.tmdb.org/t/p/w500/4vWqIdoBavo1htxmxlScDniOS9C.jpg,/uM5i623wwNfoGD97iwwQWQ7GlZL.jpg,https://image.tmdb.org/t/p/w500/uM5i623wwNfoGD97iwwQWQ7GlZL.jpg,5.287,94,14.5558,False
Queen of Chess,2026-01-27,2026,1596291,"A Hungarian girl dreams of conquering international men’s chess. After a 15-year battle against world champion Garry Kasparov and her domineering father, Judit Polgár revolutionizes the sport’s patriarchal culture to become one of the greatest chess prodigies in history and the greatest woman chess player of all time.",en,99,/ag5TZNcK3vHdCCpZIY8syjwzgfr.jpg,https://image.tmdb.org/t/p/w500/ag5TZNcK3vHdCCpZIY8syjwzgfr.jpg,/y5haKgSz1hCDatwIOMuqZ1CFKPW.jpg,https://image.tmdb.org/t/p/w500/y5haKgSz1hCDatwIOMuqZ1CFKPW.jpg,7.62,46,3.0556,False
Untitled Home Invasion Romance,2026-01-27,2026,1340076,"As a last-ditch attempt to save his failing marriage, an actor stages a home invasion during a romantic getaway weekend.",en,"35,28,53,10749,27",/aBMnVU5yrsP5XMBZhG8aT2w6m9u.jpg,https://image.tmdb.org/t/p/w500/aBMnVU5yrsP5XMBZhG8aT2w6m9u.jpg,/6OiMFTddtGe8dRr98gYWMgQjcSZ.jpg,https://image.tmdb.org/t/p/w500/6OiMFTddtGe8dRr98gYWMgQjcSZ.jpg,5.8,26,2.561,False
Blackout,2026-01-27,2026,1624183,"After a nuclear strike devastates California, a group of veterans and criminals trapped in a warehouse must fight to survive marauders, radiation, and each other in a world where the line between good and evil is gone.",en,"28,53",/gFy3I3hJeLKKJt8EGpc1ZbGTwoH.jpg,https://image.tmdb.org/t/p/w500/gFy3I3hJeLKKJt8EGpc1ZbGTwoH.jpg,/3m4jsYrVGx5hZCofSaUd6eNWzXD.jpg,https://image.tmdb.org/t/p/w500/3m4jsYrVGx5hZCofSaUd6eNWzXD.jpg,5.167,6,0.5477,False
The Wrecking Crew,2026-01-28,2026,1168190,"Estranged half-brothers Jonny and James reunite after their father's mysterious death. As they search for the truth, buried secrets reveal a conspiracy threatening to tear their family apart.",en,"28,35,80,9648",/gbVwHl4YPSq6BcC92TQpe7qUTh6.jpg,https://image.tmdb.org/t/p/w500/gbVwHl4YPSq6BcC92TQpe7qUTh6.jpg,/cz4vLJrmaV1zJlRYbxqtvLzeLWB.jpg,https://image.tmdb.org/t/p/w500/cz4vLJrmaV1zJlRYbxqtvLzeLWB.jpg,6.9,873,96.2935,False
Shelter,2026-01-28,2026,1290821,"A man living in self-imposed exile on a remote island rescues a young girl from a violent storm, setting off a chain of events that forces him out of seclusion to protect her from enemies tied to his past.",en,"28,80,53",/buPFnHZ3xQy6vZEHxbHgL1Pc6CR.jpg,https://image.tmdb.org/t/p/w500/buPFnHZ3xQy6vZEHxbHgL1Pc6CR.jpg,/nHxWyy18SvAZ8jJeemtS8k1UNjM.jpg,https://image.tmdb.org/t/p/w500/nHxWyy18SvAZ8jJeemtS8k1UNjM.jpg,6.8,498,302.5824,False
Melania,2026-01-30,2026,1413097,"Offering unprecedented access to the 20 days leading up to the 2025 Presidential Inauguration — through the eyes of the First Lady-elect herself — step inside Melania Trump's world as she orchestrates inauguration plans, navigates the complexities of the White House transition, and reenters public life with her family. With exclusive footage capturing critical meetings, private conversations, and never-before-seen environments, Mrs. Trump returns to one of the world's most powerful roles.",en,99,/ba6Silct0Y4pyvrSv0Tj0Urmx9f.jpg,https://image.tmdb.org/t/p/w500/ba6Silct0Y4pyvrSv0Tj0Urmx9f.jpg,/xUwp42fEd3TQDxNVObFB8WVijTY.jpg,https://image.tmdb.org/t/p/w500/xUwp42fEd3TQDxNVObFB8WVijTY.jpg,3.5,138,5.9956,False
Iron Lung,2026-01-30,2026,1116201,"The stars are gone. The planets have disappeared. Only individuals aboard space stations or starships were left to give the end a name -- The Quiet Rapture. After decades of decay and crumbling infrastructure, the Consolidation of Iron has made a discovery on a barren moon designated AT-5. An ocean of blood. Hoping to discover desperately needed resources they immediately launch an expedition. A submarine is crafted and a convict is welded inside. Due to the pressure and depth of the ocean the forward viewport has been encased in metal. If successful, they will earn their freedom. If not, another will follow. This will be the 13th expedition.",en,"27,9648,878",/sIwakdbMGS1krtgendTWpxTY9Hw.jpg,https://image.tmdb.org/t/p/w500/sIwakdbMGS1krtgendTWpxTY9Hw.jpg,/gqGQ0zADV5FIcgMWtWX8FcGQjFp.jpg,https://image.tmdb.org/t/p/w500/gqGQ0zADV5FIcgMWtWX8FcGQjFp.jpg,7.291,122,6.8145,False
The Moment,2026-01-30,2026,1422562,"A rising pop sensation navigates fame and industry pressures while preparing for her arena tour debut, revealing the transformation of underground culture into mainstream success.",en,"18,10402,35",/dYgCgTqqMnWdsnP2XirdcFB28ch.jpg,https://image.tmdb.org/t/p/w500/dYgCgTqqMnWdsnP2XirdcFB28ch.jpg,/lQUsfSUcai6ZOHQHgobSlF0IDUV.jpg,https://image.tmdb.org/t/p/w500/lQUsfSUcai6ZOHQHgobSlF0IDUV.jpg,5.964,42,8.3379,False
Miracle: The Boys of '80,2026-01-30,2026,1613335,"This is the story of the “Miracle on Ice,” when the 1980 US Hockey Team beat the USSR in the Olympic semi-finals at the height of the Cold War to bring home a gold medal. Their iconic underdog story is told with never-before-seen 16mm footage and firsthand reflections from the players who were brought back to the scene of their historic victory.",en,"99,36",/zmMlJPZremA7iSqzg3SgZTXR28Z.jpg,https://image.tmdb.org/t/p/w500/zmMlJPZremA7iSqzg3SgZTXR28Z.jpg,/1VSS8owtFBcpeH2b9vWRLsH7IBv.jpg,https://image.tmdb.org/t/p/w500/1VSS8owtFBcpeH2b9vWRLsH7IBv.jpg,7.3,12,1.6162,False
Vampire Zombies...from Space!,2026-01-30,2026,1174240,"From the depths of space, Dracula has devised his most dastardly plan yet; turning the residents of the small town of Marlow into his personal army of vampire zombies! A motley crew consisting of a grizzled detective, a rookie cop, a chain-smoking greaser, and a determined young woman band together to save the world from — (see title).",en,"35,27,878",/g7uQT3jpdCaxcK9jn3cJY1Tfryq.jpg,https://image.tmdb.org/t/p/w500/g7uQT3jpdCaxcK9jn3cJY1Tfryq.jpg,/fBYbbDPdugow2PSlIt6mJECiIRP.jpg,https://image.tmdb.org/t/p/w500/fBYbbDPdugow2PSlIt6mJECiIRP.jpg,6.0,6,0.9802,False
Missing the Boat,2026-01-31,2026,1592019,"Strangers Kelly and Parker both end up on the same Italian cruise, but after missing the boat during a stop, they're forced to team up and race across southern Italy to catch up.",en,"10749,18,10770",/8ZZgSTNMAnXB7TzZeO9mmf0xI5V.jpg,https://image.tmdb.org/t/p/w500/8ZZgSTNMAnXB7TzZeO9mmf0xI5V.jpg,/xDs9Dt8jS574vFgN78utMohSInA.jpg,https://image.tmdb.org/t/p/w500/xDs9Dt8jS574vFgN78utMohSInA.jpg,5.889,9,0.4819,False
The Muppet Show,2026-02-03,2026,1548113,"Music, comedy, and a whole lot of chaos is bound to ensue when The Muppets once again take the stage of the original Muppet Theatre with their very special guest, Sabrina Carpenter!",en,"35,10751,10402,10770",/tcwar1rL0neoLvnklL7DzYw7sN8.jpg,https://image.tmdb.org/t/p/w500/tcwar1rL0neoLvnklL7DzYw7sN8.jpg,/qz7B5uDspnkoz068wLbLnleotwV.jpg,https://image.tmdb.org/t/p/w500/qz7B5uDspnkoz068wLbLnleotwV.jpg,7.157,89,4.0025,False
Relationship Goals,2026-02-04,2026,1433842,"When TV producer Leah Caldwell aims to become the first woman running New York's top morning show, her ex competes for the same role. Leah stays focused on her career, until chemistry with her ex challenges her priorities.",en,"10749,35",/o7dVxvZIKnAB7k1eeeWp2k14Es7.jpg,https://image.tmdb.org/t/p/w500/o7dVxvZIKnAB7k1eeeWp2k14Es7.jpg,/dFdFQaffaBNBNM5hzinc6Q0oWDZ.jpg,https://image.tmdb.org/t/p/w500/dFdFQaffaBNBNM5hzinc6Q0oWDZ.jpg,5.548,52,5.1888,False
The Investigation of Lucy Letby,2026-02-04,2026,1620991,"An engaging and thought-provoking look at Lucy Letby, the former nurse serving life in prison after being convicted of the murders of seven infants and the attempted murders of seven others.",en,"99,80",/qhNThwc72GqihJhXaP29Af5hJ2A.jpg,https://image.tmdb.org/t/p/w500/qhNThwc72GqihJhXaP29Af5hJ2A.jpg,/qhSfXdkrIzwYsyQ3Z9ehFmO3zjy.jpg,https://image.tmdb.org/t/p/w500/qhSfXdkrIzwYsyQ3Z9ehFmO3zjy.jpg,6.337,43,3.2919,False
Solo Mio,2026-02-05,2026,1291335,"After Matt's dreams of a picturesque Italian wedding are shattered when his fiancée leaves him at the altar, he embarks on his planned honeymoon across Italy alone, immersing himself in the country's vibrant culture, food, and beauty, meeting Gia along the way.",en,"10749,35",/efSsZJaddeq0LOABZqpCXdMxv9P.jpg,https://image.tmdb.org/t/p/w500/efSsZJaddeq0LOABZqpCXdMxv9P.jpg,/fTG8itSb1a4O2BgUMjXdwO64qTz.jpg,https://image.tmdb.org/t/p/w500/fTG8itSb1a4O2BgUMjXdwO64qTz.jpg,7.066,106,20.543,False
The Strangers: Chapter 3,2026-02-05,2026,1010755,"Tethered by a frightening conclusion, Maya and the Strangers are locked on an unavoidable, unforgiving collision course — a showdown that proves they’re far from strangers now.",en,"27,53",/yPHwX78mcwJw3I6YOJ9qh2wQBFr.jpg,https://image.tmdb.org/t/p/w500/yPHwX78mcwJw3I6YOJ9qh2wQBFr.jpg,/fPfDB0IHOqvmKIzFP9CA51OOS1N.jpg,https://image.tmdb.org/t/p/w500/fPfDB0IHOqvmKIzFP9CA51OOS1N.jpg,5.2,83,10.7686,False
Hellfire,2026-02-05,2026,1088434,A drifter with a mysterious past arrives in a small town and finds the residents in the grip of a ruthless crime boss and realizes he has to help them.,en,"28,53",/tQti9QTf13MfzNpXguijgNh7ojE.jpg,https://image.tmdb.org/t/p/w500/tQti9QTf13MfzNpXguijgNh7ojE.jpg,/1gLFGrxHqQebqLWpISmoFR6XWtJ.jpg,https://image.tmdb.org/t/p/w500/1gLFGrxHqQebqLWpISmoFR6XWtJ.jpg,6.853,68,93.8345,False
Twisted,2026-02-06,2026,1373198,Two millennials make quick money by leasing incredible New York City apartments they don’t own to people who don’t know they are being scammed. The con works brilliantly until they run into an apartment owner with a dark secret who flips the game on them.,en,"27,53",/rF6txsM6cgF9vg6Ra5sNbkvUwrw.jpg,https://image.tmdb.org/t/p/w500/rF6txsM6cgF9vg6Ra5sNbkvUwrw.jpg,/55e59Ls6zc37c7orbaWDyriyGPi.jpg,https://image.tmdb.org/t/p/w500/55e59Ls6zc37c7orbaWDyriyGPi.jpg,4.442,43,6.6579,False
Yoh! Bestie,2026-02-06,2026,1618945,"Thando is perpetually unlucky in love, but when her bestie returns from his travels with a fiancée in tow, she's forced to face a new emotion — jealousy.",en,"10749,35",/9wBzRaeWfELNOPmcvOVTmB3kDEl.jpg,https://image.tmdb.org/t/p/w500/9wBzRaeWfELNOPmcvOVTmB3kDEl.jpg,/1EVHnzF3gescyQZSqwbx5LfQ1EN.jpg,https://image.tmdb.org/t/p/w500/1EVHnzF3gescyQZSqwbx5LfQ1EN.jpg,6.2,38,2.7024,False
The Dresden Sun,2026-02-06,2026,846049,"A brilliant, principled mercenary with a traumatic past works with an insider to steal a valued asset from Peredor Corporation called “the sphere”. The C & Earth corporation, vying for global dominance, seeks to find a solution to an otherworldly technology via a scientist’s project. Meanwhile, a financial analyst, who despises his job at the powerful investment firm Mutual One, finds himself caught between deadly corporate rivals, financial fraud, and technological espionage, and is ultimately forced to run from a psychopathic military contractor.",en,"878,28,53",/cwBA8R171aQb2M3Iax80BYvYS1i.jpg,https://image.tmdb.org/t/p/w500/cwBA8R171aQb2M3Iax80BYvYS1i.jpg,/msuNm0srRZHlKkMt2GlFj9M9PtF.jpg,https://image.tmdb.org/t/p/w500/msuNm0srRZHlKkMt2GlFj9M9PtF.jpg,3.95,10,1.356,False
The Fairfield County Four,2026-02-06,2026,1388771,"Four young adults disappear while investigating reports of a large, wolf-like creature. Though no trace of the four was found, their camera was eventually located. This would be the last known footage of The Fairfield County Four.",en,"53,27,9648",/rgCVAdvyciFfOFdTHXuzpiPxTx5.jpg,https://image.tmdb.org/t/p/w500/rgCVAdvyciFfOFdTHXuzpiPxTx5.jpg,/s9k5t842Mpa6hkwLmF5dIzWyO25.jpg,https://image.tmdb.org/t/p/w500/s9k5t842Mpa6hkwLmF5dIzWyO25.jpg,4.6,6,0.9032,False
Hamlet,2026-02-06,2026,843342,"Shakespeare’s most enduring tragedy is reimagined in a bold, modern adaptation set within London’s elite South Asian community. When Hamlet (Riz Ahmed) returns for his father’s funeral, he is stunned to discover his uncle Claudius is marrying his newly widowed mother. Visited by his father’s ghost, Hamlet learns his brutal murder was at the hands of Claudius - and spirals into a quest for vengeance that exposes the rot at the heart of the family’s empire and threatens his own sanity.",en,18,/7azHIOSrxo0VC5wYiwtGOnVehsH.jpg,https://image.tmdb.org/t/p/w500/7azHIOSrxo0VC5wYiwtGOnVehsH.jpg,/80K8REhL8wVESLmJk16zTMIS2BJ.jpg,https://image.tmdb.org/t/p/w500/80K8REhL8wVESLmJk16zTMIS2BJ.jpg,5.0,5,3.1126,False
Reckless,2026-02-07,2026,1449400,A former convict on parole must outwit the police to get his share of an old heist.,en,"28,35,80,53",/76jjEatL53KYooIrDQK9wsk4rm1.jpg,https://image.tmdb.org/t/p/w500/76jjEatL53KYooIrDQK9wsk4rm1.jpg,/nPnf75vetUlLAqROQOVzBczmMtP.jpg,https://image.tmdb.org/t/p/w500/nPnf75vetUlLAqROQOVzBczmMtP.jpg,6.231,13,2.2963,False
The Way to You,2026-02-07,2026,1608615,"New Yorkers Emma and Conrad agree to help each other find their missed connections after a subway blackout. Their search might lead to love, but not where either of them expects to find it.",en,"10749,10770,35",/4aOxnMaDkr792WOZFJUb6LxcR74.jpg,https://image.tmdb.org/t/p/w500/4aOxnMaDkr792WOZFJUb6LxcR74.jpg,/w1Q8S2x9MP98B40w2djpBmbWdKr.jpg,https://image.tmdb.org/t/p/w500/w1Q8S2x9MP98B40w2djpBmbWdKr.jpg,7.4,10,0.5459,False
Katt Williams: The Last Report,2026-02-10,2026,1628484,"Back for his fourth Netflix stand-up special, comedy icon Katt Williams delivers his famously bold takes on conspiracies, celebrities and the world at large in this electrifying set.",en,35,/n9UBtHFf1zYk6Vq93MFYdbZVAj4.jpg,https://image.tmdb.org/t/p/w500/n9UBtHFf1zYk6Vq93MFYdbZVAj4.jpg,/ioLTv6BTRT7ShLHcDx8Q5TOXwgk.jpg,https://image.tmdb.org/t/p/w500/ioLTv6BTRT7ShLHcDx8Q5TOXwgk.jpg,5.0,8,0.8308,False
"""Wuthering Heights""",2026-02-11,2026,1316092,"Tragedy strikes when Heathcliff falls in love with Catherine Earnshaw, a woman from a wealthy family in 18th-century England.",en,"10749,18",/3YBce6dTh1D5oCMITXk2S5QhPt.jpg,https://image.tmdb.org/t/p/w500/3YBce6dTh1D5oCMITXk2S5QhPt.jpg,/vSQSYd2zZTqc0zmHImwWEGGluMI.jpg,https://image.tmdb.org/t/p/w500/vSQSYd2zZTqc0zmHImwWEGGluMI.jpg,6.5,702,98.2575,False
Crime 101,2026-02-11,2026,1171145,"When an elusive thief whose high-stakes heists unfold along the iconic 101 freeway in Los Angeles eyes the score of a lifetime, with hopes of this being his final job, his path collides with a disillusioned insurance broker who is facing her own crossroads. Determined to crack the case, a relentless detective closes in on the operation, raising the stakes even higher.",en,"80,53",/tVvpFIoteRHNnoZMhdnwIVwJpCA.jpg,https://image.tmdb.org/t/p/w500/tVvpFIoteRHNnoZMhdnwIVwJpCA.jpg,/zvGMwQ1mAFrxSzzMFT9WMEl6hxB.jpg,https://image.tmdb.org/t/p/w500/zvGMwQ1mAFrxSzzMFT9WMEl6hxB.jpg,7.04,557,321.7823,False
GOAT,2026-02-11,2026,1297842,"A small goat with big dreams gets a once-in-a-lifetime shot to join the pros and play roarball, a high-intensity, co-ed, full-contact sport dominated by the fastest, fiercest animals in the world.",en,"16,35,10751",/wfuqMlaExcoYiUEvKfVpUTt1v4u.jpg,https://image.tmdb.org/t/p/w500/wfuqMlaExcoYiUEvKfVpUTt1v4u.jpg,/tq3h43fZy0H80vzf47MAY7R9Mxo.jpg,https://image.tmdb.org/t/p/w500/tq3h43fZy0H80vzf47MAY7R9Mxo.jpg,7.88,343,235.3578,False
War Machine,2026-02-12,2026,1265609,"On one last grueling mission during Army Ranger training, a combat engineer must lead his unit in a fight against a giant otherworldly killing machine.",en,"28,878,53",/tlPgDzwIE7VYYIIAGCTUOnN4wI1.jpg,https://image.tmdb.org/t/p/w500/tlPgDzwIE7VYYIIAGCTUOnN4wI1.jpg,/6yeVcxFR0j08vlv2OlL6zbewm4D.jpg,https://image.tmdb.org/t/p/w500/6yeVcxFR0j08vlv2OlL6zbewm4D.jpg,7.257,1356,207.1394,False
Love Me Love Me,2026-02-12,2026,1317672,"After her brother's death, June moves to Milan for a fresh start, finding comfort in Will, the perfect honor student at her new international school. But when his troubled best friend James—hiding a dangerous life in clandestine MMA fights—sparks a rivalry that quickly turns into irresistible attraction, June must choose between safety and a love that upends everything she thought she wanted.",en,"10749,18",/jfwHKRHRE2X4NTexdzblaioHH51.jpg,https://image.tmdb.org/t/p/w500/jfwHKRHRE2X4NTexdzblaioHH51.jpg,/ohUhHOqW8cM59Ay5UjqplLzJbH3.jpg,https://image.tmdb.org/t/p/w500/ohUhHOqW8cM59Ay5UjqplLzJbH3.jpg,5.653,212,22.7197,False
F Valentine's Day,2026-02-12,2026,1429605,"Gina hates her Valentine's Day birthday and travels to Greece to prevent her boyfriend's proposal. With help from vacationers Johnny and his sister Mickey, she schemes to delay it – while questioning her relationship.",en,"10749,35",/8zPExowfpfZOTpS1W4J7G27lH4H.jpg,https://image.tmdb.org/t/p/w500/8zPExowfpfZOTpS1W4J7G27lH4H.jpg,/zFpaNGxW0FzRFKBOyCFVeYlCdI9.jpg,https://image.tmdb.org/t/p/w500/zFpaNGxW0FzRFKBOyCFVeYlCdI9.jpg,6.061,66,9.0864,False
Joe's College Road Trip,2026-02-12,2026,1243460,"To teach his sheltered grandson about the real world, Madea's foul-mouthed brother Joe takes the college-bound teen on a raucous cross-country road trip.",en,35,/jWGOCUlzF4aCVLwHoiuqWWfhcrA.jpg,https://image.tmdb.org/t/p/w500/jWGOCUlzF4aCVLwHoiuqWWfhcrA.jpg,/dbr3eceKuGnKc9v5GaVTVtegZNK.jpg,https://image.tmdb.org/t/p/w500/dbr3eceKuGnKc9v5GaVTVtegZNK.jpg,5.842,57,4.2927,False
"Good Luck, Have Fun, Don't Die",2026-02-13,2026,1119449,A 'Man from the Future' arrives at an LA diner where he must recruit the precise combination of disgruntled patrons to join him on a one-night quest to save the world from the terminal threat of a rogue artificial intelligence.,en,"878,28,35",/rWcfOdY7TU6lTdazWj0ebDZnAfO.jpg,https://image.tmdb.org/t/p/w500/rWcfOdY7TU6lTdazWj0ebDZnAfO.jpg,/drRxbu2OHG0DEENptZ8wI5f0uEU.jpg,https://image.tmdb.org/t/p/w500/drRxbu2OHG0DEENptZ8wI5f0uEU.jpg,6.958,306,29.2467,False
The Mortuary Assistant,2026-02-13,2026,1470130,"Rebecca Owens, a recent mortuary science graduate takes a night shift job at River Fields Mortuary. Initially, the job seems straightforward — embalming bodies, completing paperwork, and keeping things tidy. But once Rebecca starts working the night shift, things take a dark turn.",en,"27,9648",/72AoFPC5TY4DfJwXXS9rPwPeReD.jpg,https://image.tmdb.org/t/p/w500/72AoFPC5TY4DfJwXXS9rPwPeReD.jpg,/gM1kQRPwOVW1Eos5tVWqcYmHR5S.jpg,https://image.tmdb.org/t/p/w500/gM1kQRPwOVW1Eos5tVWqcYmHR5S.jpg,5.405,42,122.3344,False
Nirvanna the Band the Show the Movie,2026-02-13,2026,1154538,"When their plan to book a show at the Rivoli goes horribly wrong, Matt and Jay accidentally travel back to the year 2008.",en,"35,878,12",/sm5TGX8WbnCd9Uo26cLyTxVwA1n.jpg,https://image.tmdb.org/t/p/w500/sm5TGX8WbnCd9Uo26cLyTxVwA1n.jpg,/cQtR06YrlSbg9w7vTFFFc3A6mgv.jpg,https://image.tmdb.org/t/p/w500/cQtR06YrlSbg9w7vTFFFc3A6mgv.jpg,7.7,34,7.6708,False
Kissing Is the Easy Part,2026-02-13,2026,1515615,Sean's gunning for MIT. Flora's ditching the SAT. A secret deal with her tenured parents sparks a romance that challenges everything they believe in.,en,"10749,35",/gPxlb7LLqbsKgjltgVrgYdhfxCZ.jpg,https://image.tmdb.org/t/p/w500/gPxlb7LLqbsKgjltgVrgYdhfxCZ.jpg,/7yuHdP85F2ZxhKbSoPgCBT9uJT3.jpg,https://image.tmdb.org/t/p/w500/7yuHdP85F2ZxhKbSoPgCBT9uJT3.jpg,7.217,23,4.1682,False
Demon Squad: Tooth and Claw,2026-02-13,2026,1401357,"When a string of brutal killings are linked to a werewolf, paranormal investigator Nick Moon goes on the hunt. Battling supernatural forces, he uncovers a dark conspiracy that must be stopped before the monster strikes again.",en,"14,27,9648,53",/s4KjTRsxdQF1BBKXvYadA6OJFEc.jpg,https://image.tmdb.org/t/p/w500/s4KjTRsxdQF1BBKXvYadA6OJFEc.jpg,/xzvAhpvOcn2Lisjy4lqV7uRjNBb.jpg,https://image.tmdb.org/t/p/w500/xzvAhpvOcn2Lisjy4lqV7uRjNBb.jpg,5.3,5,1.3135,False
Because of Cupid,2026-02-14,2026,1608616,Best friends Naomi and Marcus participate in a Valentine's Day mocktail competition but things go awry when Cupid interferes with a love potion that affects Marcus and several of their friends.,en,"10749,10770,35",/qLcGqmRs8pMUxYshdqXy7ECg7BX.jpg,https://image.tmdb.org/t/p/w500/qLcGqmRs8pMUxYshdqXy7ECg7BX.jpg,/rv5C0uUAZtEyb5x9N8Wchjgfqhr.jpg,https://image.tmdb.org/t/p/w500/rv5C0uUAZtEyb5x9N8Wchjgfqhr.jpg,7.0,6,0.5154,False
The Singers,2026-02-17,2026,1442908,An impromptu singing contest at a dive bar turns a lonely night into a soul-baring moment of shared harmony.,en,"10402,18,35",/a6wheh1243vceZ7Dqb0knYmKqaj.jpg,https://image.tmdb.org/t/p/w500/a6wheh1243vceZ7Dqb0knYmKqaj.jpg,/oTWgvLnMjjsVNdVTZjf5CEnihhw.jpg,https://image.tmdb.org/t/p/w500/oTWgvLnMjjsVNdVTZjf5CEnihhw.jpg,6.653,59,2.4922,False
The Bluff,2026-02-17,2026,799882,"When her tranquil life on a remote island is shattered by the return of her vengeful former captain, a skilled ex-pirate must confront her bloody past and unleash her deadly talents to save her family from a ruthless siege.",en,"18,28,53",/dl1cA7wdwePc9QU2Rc24EPqlcyJ.jpg,https://image.tmdb.org/t/p/w500/dl1cA7wdwePc9QU2Rc24EPqlcyJ.jpg,/rbFqLPKj6D2JyRh5mOfA7jqX0Qk.jpg,https://image.tmdb.org/t/p/w500/rbFqLPKj6D2JyRh5mOfA7jqX0Qk.jpg,6.125,56,10.0624,False
EPiC: Elvis Presley in Concert,2026-02-18,2026,1445363,"Long-lost footage from Elvis Presley's legendary Las Vegas residency in the 1970s woven together with rare 16mm footage from Elvis on Tour, and 8mm from the Graceland archive, plus recordings of Elvis telling ""his side of the story"" rediscovered during Baz Luhrmann's research for his 2022 film, Elvis.",en,"10402,99",/2K2NH5dforjT9kLcUC0eeBpdZkC.jpg,https://image.tmdb.org/t/p/w500/2K2NH5dforjT9kLcUC0eeBpdZkC.jpg,/ttOBvac1oW0OCCfFzZlXh3NeKyl.jpg,https://image.tmdb.org/t/p/w500/ttOBvac1oW0OCCfFzZlXh3NeKyl.jpg,8.0,39,10.0707,False
How to Make a Killing,2026-02-19,2026,467905,"Disowned at birth by his obscenely wealthy family, blue-collar Becket Redfellow will stop at nothing to reclaim his inheritance, no matter how many relatives stand in his way.",en,"35,53",/vxMeKC7o5Gi8IHMi6lUgsdprTqv.jpg,https://image.tmdb.org/t/p/w500/vxMeKC7o5Gi8IHMi6lUgsdprTqv.jpg,/bkUa5ZDqjQPx6rkxs0hM87vaWVa.jpg,https://image.tmdb.org/t/p/w500/bkUa5ZDqjQPx6rkxs0hM87vaWVa.jpg,7.0,218,52.9156,False
Man on the Run,2026-02-19,2026,1260643,"Paul McCartney forms new band Wings after Beatles breakup. Archival home footage shows his life with Linda, who influenced his music. The film follows Wings from formation through the 1970s, during which McCartney wrote hit songs.",en,"99,10402",/qX0hwcKvO3FNkI3JMBUnQ3wxKEI.jpg,https://image.tmdb.org/t/p/w500/qX0hwcKvO3FNkI3JMBUnQ3wxKEI.jpg,/mA03GgESjKMCUAiCywyx6I7kSZx.jpg,https://image.tmdb.org/t/p/w500/mA03GgESjKMCUAiCywyx6I7kSZx.jpg,7.477,22,2.1818,False
I Can Only Imagine 2,2026-02-19,2026,1405769,"After the breakout success of the song 'I Can Only Imagine', MercyMe's Bart Millard is living the dream—sold-out arenas, a devoted fanbase, and a thriving career. But behind the spotlight, Bart's past threatens the family he's built, especially the fragile bond with his son Sam. When hopeful newcomer Tim Timmons joins the band for their biggest tour yet, he unknowingly brings a renewed gratitude to Bart's life through their unlikely friendship. Bart soon discovers that Tim carries hardships—and secrets—of his own, forcing him to face his past and repair his relationships with Sam and his wife Shannon before fame costs him what matters most.",en,"18,10402",/A4A8YgAzBwDnlXDzuxoc5ZLchO7.jpg,https://image.tmdb.org/t/p/w500/A4A8YgAzBwDnlXDzuxoc5ZLchO7.jpg,/qHBnPZA3J6hSl9a3Q1JAQzDeo2L.jpg,https://image.tmdb.org/t/p/w500/qHBnPZA3J6hSl9a3Q1JAQzDeo2L.jpg,6.9,8,5.2114,False
Famous Last Words: Eric Dane,2026-02-19,2026,1639000,"In this emotional interview, the late actor and ALS advocate Eric Dane shared his final message for the world — knowing it would not air until his death.",en,99,/m9HIHyfCjphkHkwIVIztm32g5uv.jpg,https://image.tmdb.org/t/p/w500/m9HIHyfCjphkHkwIVIztm32g5uv.jpg,/oe9Ikj4Ug1ZIXcOaeoCQE8Xwi0y.jpg,https://image.tmdb.org/t/p/w500/oe9Ikj4Ug1ZIXcOaeoCQE8Xwi0y.jpg,9.0,5,0.5426,False
Descendants/ZOMBIES Worlds Collide - Concert Special,2026-02-19,2026,1531626,"Celebrating the high-energy music from the iconic Descendants and ZOMBIES franchises, the Descendants/ZOMBIES Worlds Collide Tour thrilled sold-out crowds in over 40 arenas across North America last summer. Now, families and fans of all ages can relive the excitement - singing and dancing along with their favorite stars from the comfort of home.",en,10402,/ogWhinTSMe8UhlIPhrztPVxpOsl.jpg,https://image.tmdb.org/t/p/w500/ogWhinTSMe8UhlIPhrztPVxpOsl.jpg,/fX19SnITb90RwMhbOWI1BWTxDzz.jpg,https://image.tmdb.org/t/p/w500/fX19SnITb90RwMhbOWI1BWTxDzz.jpg,7.0,5,2.5783,False
One Mile: Chapter One,2026-02-20,2026,1327688,"After being released from prison, a father tries to reconnect with his daughter by taking her on a tour of college, but they soon find themselves fighting for more than their lost relationship when a murderous cult pursues them.",en,"28,80",/1GZaoYe0mQy211DgDSAxAXr30ul.jpg,https://image.tmdb.org/t/p/w500/1GZaoYe0mQy211DgDSAxAXr30ul.jpg,/xBORKTaQJTq3l7EdnTTnrZnYzYa.jpg,https://image.tmdb.org/t/p/w500/xBORKTaQJTq3l7EdnTTnrZnYzYa.jpg,7.236,70,8.1986,False
Redux Redux,2026-02-20,2026,1340110,"In an attempt to avenge her daughter’s death, Irene Kelly travels through parallel universes, killing her daughter’s murderer again and again. As she becomes consumed by vengeance, her humanity begins to slip away—until the cycle is disrupted when she rescues Mia, a sharp-witted teenager already marked by the killer.",en,"878,9648,53",/9u7sUTYPPTxGCXbkcw8FTq50PnO.jpg,https://image.tmdb.org/t/p/w500/9u7sUTYPPTxGCXbkcw8FTq50PnO.jpg,/nBTUocp7lHmyrTmD8mTBOYem4ok.jpg,https://image.tmdb.org/t/p/w500/nBTUocp7lHmyrTmD8mTBOYem4ok.jpg,6.4,63,2.9451,False
The Dreadful,2026-02-20,2026,1242937,"In medieval England, Anne and her domineering mother-in-law Morwen struggle to survive on the outskirts of society. But when a man from Anne's past returns from war, a curse begins to take shape through a mysterious knight and threatens to destroy them all.",en,27,/nhhJkYau8nQMFgauvOudDjwj9vA.jpg,https://image.tmdb.org/t/p/w500/nhhJkYau8nQMFgauvOudDjwj9vA.jpg,/fAF3VGFBpItWNROmiGob60n0y5.jpg,https://image.tmdb.org/t/p/w500/fAF3VGFBpItWNROmiGob60n0y5.jpg,6.2,60,7.1181,False
Fukushima: A Nuclear Nightmare,2026-02-20,2026,1439660,The definitive account of Japan’s struggle as it faced a nuclear catastrophe while still reeling from the devastation of an earthquake and tsunami.,en,"99,18,36",/nL2f1g1cMPUsPmFWB71qHqjyVFd.jpg,https://image.tmdb.org/t/p/w500/nL2f1g1cMPUsPmFWB71qHqjyVFd.jpg,/olz73f1yVWu5JlLDi8lI98Yekvl.jpg,https://image.tmdb.org/t/p/w500/olz73f1yVWu5JlLDi8lI98Yekvl.jpg,6.9,20,2.9929,False
Psycho Killer,2026-02-20,2026,1107166,"Following the brutal murder of her husband, a Kansas highway patrol officer sets out on a journey to track down the perpetrator. As the hunt progresses, she comes to realize the man responsible is a sadistic serial killer, and the depth of his mental depravity and his sinister agenda is more twisted than anyone could have imagined.",en,"80,27,9648",/5xgxxmLivJXL8aF0HdZfpx8aAIo.jpg,https://image.tmdb.org/t/p/w500/5xgxxmLivJXL8aF0HdZfpx8aAIo.jpg,/kt9p1cS4O72aSeFRGQzlLuI1mY4.jpg,https://image.tmdb.org/t/p/w500/kt9p1cS4O72aSeFRGQzlLuI1mY4.jpg,5.25,10,8.6353,False
Midwinter Break,2026-02-20,2026,1125701,"Longtime retired couple Stella and Gerry realise that their relationship has reached a crossroads while on holiday in Amsterdam. After so much time and so many memories, long-held promises and deeply concealed wounds threaten to come to light and force them to confront their future.",en,18,/vkMOruokVnD05xSiwI2hWBzG7UD.jpg,https://image.tmdb.org/t/p/w500/vkMOruokVnD05xSiwI2hWBzG7UD.jpg,/rLEDPOSZkmeBy47wzNTEXTj5ABj.jpg,https://image.tmdb.org/t/p/w500/rLEDPOSZkmeBy47wzNTEXTj5ABj.jpg,6.6,8,3.5458,False
Taylor Tomlinson: Prodigal Daughter,2026-02-24,2026,1617908,"Taylor Tomlinson takes her fans to church with hilarious confessions about dating in her 30s, her dream assistant and why she refuses to use AI.",en,35,/5n85A8bspgGBhIZ2HnNfbbr6GRe.jpg,https://image.tmdb.org/t/p/w500/5n85A8bspgGBhIZ2HnNfbbr6GRe.jpg,/8imHEnB6kTNgK1TYPC3Rsnv7xke.jpg,https://image.tmdb.org/t/p/w500/8imHEnB6kTNgK1TYPC3Rsnv7xke.jpg,7.3,19,0.7662,False
Ice Skater,2026-02-24,2026,1424965,"A survival drama about an ice skater stranded on an ice floe at the Arctic Sea. When the ice floe starts to float towards south and melt, the ice skater must use all means necessary to survive.",en,"18,53",/m93BKabB7Je8WQACed58BXeHNNR.jpg,https://image.tmdb.org/t/p/w500/m93BKabB7Je8WQACed58BXeHNNR.jpg,/6xVAbjvUWKJlPSVYduQgkRzEQNy.jpg,https://image.tmdb.org/t/p/w500/6xVAbjvUWKJlPSVYduQgkRzEQNy.jpg,4.967,15,25.5078,False
Scream 7,2026-02-25,2026,1159559,"When a new Ghostface killer emerges in the quiet town where Sidney Prescott has built a new life, her darkest fears are realized as her daughter becomes the next target. Determined to protect her family, Sidney must face the horrors of her past to put an end to the bloodshed once and for all.",en,"27,9648,80",/jjyuk0edLiW8vOSnlfwWCCLpbh5.jpg,https://image.tmdb.org/t/p/w500/jjyuk0edLiW8vOSnlfwWCCLpbh5.jpg,/hz7TdCrpLLt2Dz7S3PS2HG9rpAO.jpg,https://image.tmdb.org/t/p/w500/hz7TdCrpLLt2Dz7S3PS2HG9rpAO.jpg,6.025,687,185.8734,False
Pose,2026-02-25,2026,1199193,"Isolated in a grand country manor, a reclusive artist spends a passionate and paranoid weekend with his ex-lover, an obsessive fan, and a potential muse. Hoping to spark a new wave of artistic brilliance over the course of a few tumultuous days, filled with chaos and revelation not all of them will make it out alive.",en,53,/qhyyyWrHUbl6QG4udAJj17CBa5.jpg,https://image.tmdb.org/t/p/w500/qhyyyWrHUbl6QG4udAJj17CBa5.jpg,/bAFnjhweXxHUWjmFzMTuX12Ud3b.jpg,https://image.tmdb.org/t/p/w500/bAFnjhweXxHUWjmFzMTuX12Ud3b.jpg,6.429,28,22.5138,False
One Mile: Chapter Two,2026-02-27,2026,1327690,"Former special forces operative Danny is forced back onto a remote island when a violent, secretive community takes revenge by abducting his daughter Alex, launching a relentless hunt against enemies prepared for his every move.",en,"28,80",/3sjc9qXXmQoUWKQ3qIjS1nZaUJy.jpg,https://image.tmdb.org/t/p/w500/3sjc9qXXmQoUWKQ3qIjS1nZaUJy.jpg,/jxQIjkJBTyZSxN3yyilpR0ns6HA.jpg,https://image.tmdb.org/t/p/w500/jxQIjkJBTyZSxN3yyilpR0ns6HA.jpg,6.8,56,4.9974,False
Ghost Elephants,2026-02-27,2026,1451867,"In Angola's mist-shrouded highlands, three KhoiSan master trackers embark on a spiritual quest to rediscover the legendary ""ghost elephants"" of Lisima, creatures presumed lost but remembered in ancestral trance, ritual, and memory.",en,99,/h2zN5Oo89DjwY9Q4F8zto5MlnNb.jpg,https://image.tmdb.org/t/p/w500/h2zN5Oo89DjwY9Q4F8zto5MlnNb.jpg,/qEqvcwXH5skWfed1rgZq45FL36G.jpg,https://image.tmdb.org/t/p/w500/qEqvcwXH5skWfed1rgZq45FL36G.jpg,6.861,18,3.155,False
Starbright,2026-02-27,2026,662707,"A young woman becomes the guardian of a fallen star, which she must protect from dangerous forces with the help of a brave stranger.",en,"12,28",/m1Zl07DNYeSyNcz9hf8hDsS2oB5.jpg,https://image.tmdb.org/t/p/w500/m1Zl07DNYeSyNcz9hf8hDsS2oB5.jpg,/tZiRd4IpoNiaoLXr2o2YfhTMjE2.jpg,https://image.tmdb.org/t/p/w500/tZiRd4IpoNiaoLXr2o2YfhTMjE2.jpg,7.3,10,195.386,False
Operation Taco Gary's,2026-02-27,2026,1130875,Two brothers uncover an alien invasion hidden inside a fast-food chain and must save Earth.,en,"35,878,28",/soKwdOugcT1XRVd7KpvTMSflz0D.jpg,https://image.tmdb.org/t/p/w500/soKwdOugcT1XRVd7KpvTMSflz0D.jpg,/bjWqyS38dQA1Ra9sNcL62gSEWor.jpg,https://image.tmdb.org/t/p/w500/bjWqyS38dQA1Ra9sNcL62gSEWor.jpg,7.286,7,3.2581,False
Diabolical - The Epstein Files,2026-03-02,2026,1640697,It's the scandal that has shocked Americans and rocked the Trump administration. A legal and political saga that has shattered fundamental beliefs that all are equal in the eyes of the law. What do the Epstein Files reveal?,en,"99,80,18",/wFXoZsIqEZPpJgdDlJdFFzWplhk.jpg,https://image.tmdb.org/t/p/w500/wFXoZsIqEZPpJgdDlJdFFzWplhk.jpg,/tU8qU7omSFdMUOqJlsxeNm2eCky.jpg,https://image.tmdb.org/t/p/w500/tU8qU7omSFdMUOqJlsxeNm2eCky.jpg,6.071,7,1.7084,False
Hoppers,2026-03-04,2026,1327819,"Scientists have discovered how to 'hop' human consciousness into lifelike robotic animals, allowing people to communicate with animals as animals. Animal lover Mabel seizes an opportunity to use the technology, uncovering mysteries within the animal world beyond anything she could have imagined.",en,"16,10751,878,35,12",/xjtWQ2CL1mpmMNwuU5HeS4Iuwuu.jpg,https://image.tmdb.org/t/p/w500/xjtWQ2CL1mpmMNwuU5HeS4Iuwuu.jpg,/u53UYu5XG2hNgWGvs3xGhAVzypl.jpg,https://image.tmdb.org/t/p/w500/u53UYu5XG2hNgWGvs3xGhAVzypl.jpg,7.6,417,400.5687,False
The Bride!,2026-03-04,2026,1159831,A lonely Frankenstein travels to 1930s Chicago to ask groundbreaking scientist Dr. Euphronious to create a companion for him. The two revive a murdered young woman and The Bride is born. But what ensues is beyond what either of them imagined.,en,"878,27,14",/lV8YHwGkYZsm6EfIqnhaSz2avKt.jpg,https://image.tmdb.org/t/p/w500/lV8YHwGkYZsm6EfIqnhaSz2avKt.jpg,/l8rKKMU2M9dDULO9CEtDNdWAEUJ.jpg,https://image.tmdb.org/t/p/w500/l8rKKMU2M9dDULO9CEtDNdWAEUJ.jpg,6.314,234,191.4115,False
Wardriver,2026-03-04,2026,938150,"He’s a Wardriver: a hacker who steals from banks, not people—until he’s noticed. Now the money turns violent, and the woman caught in it could save him or kill them both.",en,"80,53",/ipTXhWCJgeg5RN0CpmFZYDzOzQi.jpg,https://image.tmdb.org/t/p/w500/ipTXhWCJgeg5RN0CpmFZYDzOzQi.jpg,/nBRtRfvmRT3ZCUMZHUl575eQAhM.jpg,https://image.tmdb.org/t/p/w500/nBRtRfvmRT3ZCUMZHUl575eQAhM.jpg,6.7,10,8.0232,False
Peaky Blinders: The Immortal Man,2026-03-05,2026,875828,"After his estranged son gets embroiled in a Nazi plot, self-exiled gangster Tommy Shelby must return to Birmingham to save his family — and his nation.",en,"80,18",/gRMalasZEzsZi4w2VFuYusfSfqf.jpg,https://image.tmdb.org/t/p/w500/gRMalasZEzsZi4w2VFuYusfSfqf.jpg,/1fkuBPid72KGS6WmtkEXMftZtkE.jpg,https://image.tmdb.org/t/p/w500/1fkuBPid72KGS6WmtkEXMftZtkE.jpg,7.258,711,92.2306,False
Protector,2026-03-05,2026,1383731,"Former war hero Nikki's peaceful life is shattered when her daughter is kidnapped. Thrust into the criminal underworld while hunted by cops and military, she must fight to rescue her child.",en,"28,53",/hUv1DarjEMmQM38i9DvW9pHYPZ4.jpg,https://image.tmdb.org/t/p/w500/hUv1DarjEMmQM38i9DvW9pHYPZ4.jpg,/pYcO7MQgrygQERoWub0R35Nh5ec.jpg,https://image.tmdb.org/t/p/w500/pYcO7MQgrygQERoWub0R35Nh5ec.jpg,7.4,12,5.9536,False
Good Boy,2026-03-06,2026,1381027,"Tommy, a volatile 19-year-old, revels in drugs, parties and violence. After getting separated from his friends on a drunken bender, he is abducted by a shadowy figure. He wakes to find himself imprisoned in the basement of a remote Yorkshire house, inhabited by a very strange family. But what unfolds is not what he could possibly expect.",en,"53,18,9648",/x0wD4Qxe0wulV0bxarsQ05PqDNF.jpg,https://image.tmdb.org/t/p/w500/x0wD4Qxe0wulV0bxarsQ05PqDNF.jpg,/ksqaGSybKVyzkRmLFBgefMSa45a.jpg,https://image.tmdb.org/t/p/w500/ksqaGSybKVyzkRmLFBgefMSa45a.jpg,7.326,66,17.6681,False
The Deadly Little Mermaid,2026-03-06,2026,1572073,"Some secrets are better left at the bottom of the ocean. Once she's in your house, there is no escape. When a struggling artist pulls a beautiful, unconscious woman from the freezing coastal waters, he thinks he’s performed a miracle. But as she recovers within the walls of his secluded home, a series of unsettling events leads him to a terrifying realization: her presence is no coincidence. She is inextricably linked to the same watery grave that claimed his family years ago.",en,27,/uye25uG7k8r3NNPLyPiKOiRnFRF.jpg,https://image.tmdb.org/t/p/w500/uye25uG7k8r3NNPLyPiKOiRnFRF.jpg,/yzIjyPtwvyjHelxqIRXGpiaucPG.jpg,https://image.tmdb.org/t/p/w500/yzIjyPtwvyjHelxqIRXGpiaucPG.jpg,4.717,23,67.1285,False
Dolly,2026-03-06,2026,1309083,"Young Macy is abducted by a deranged, monstrous figure who wants to raise her as its child.",en,27,/sTPUg3XtdcKRAS5Vwsi1GYPFhNZ.jpg,https://image.tmdb.org/t/p/w500/sTPUg3XtdcKRAS5Vwsi1GYPFhNZ.jpg,/rhuEN18ZimDOva3guaWZA4hYgLB.jpg,https://image.tmdb.org/t/p/w500/rhuEN18ZimDOva3guaWZA4hYgLB.jpg,5.9,17,9.8138,False
Harry Styles. One Night in Manchester.,2026-03-08,2026,1644807,"In a special one off concert in Manchester, recorded on the evening of March 6, Harry Styles played his new album, ‘Kiss All The Time. Disco, Occasionally.' for the very first time.",en,10402,/AigpusxLychNPHCdB8jRVTEQ1kS.jpg,https://image.tmdb.org/t/p/w500/AigpusxLychNPHCdB8jRVTEQ1kS.jpg,/oGswMgChnBnAvo2JJxbp9fZDl8x.jpg,https://image.tmdb.org/t/p/w500/oGswMgChnBnAvo2JJxbp9fZDl8x.jpg,7.444,9,0.7612,False
Louis Theroux: Inside the Manosphere,2026-03-10,2026,1633264,"With rare access and no holds barred, the acclaimed documentarian investigates a growing ultra-masculine network and its controversial influencers.",en,99,/ouOvRvsgF37yEx3D6ZLWyuxZFjE.jpg,https://image.tmdb.org/t/p/w500/ouOvRvsgF37yEx3D6ZLWyuxZFjE.jpg,/cmpiLnDIdxQNFZLZZFRj1rSo7fW.jpg,https://image.tmdb.org/t/p/w500/cmpiLnDIdxQNFZLZZFRj1rSo7fW.jpg,6.602,83,8.236,False
Reminders of Him,2026-03-11,2026,1367642,"When Diem's custodial grandparents adamantly refuse Kenna's attempts to see her daughter, Kenna discovers unexpected compassion, and then something truer and deeper, with former NFL player and local bar owner Ledger. As their secret romance develops, so do the dangers for both of them, leading Kenna toward heartbreak and, ultimately, the hope for a second chance.",en,"10749,18",/7L6rceYgzQ0NeHD7PRDNrRoQ291.jpg,https://image.tmdb.org/t/p/w500/7L6rceYgzQ0NeHD7PRDNrRoQ291.jpg,/5rxEnsgriw8z065q51lrvPKYmCL.jpg,https://image.tmdb.org/t/p/w500/5rxEnsgriw8z065q51lrvPKYmCL.jpg,7.1,82,18.5311,False
Bodycam,2026-03-12,2026,1510745,"A call to a quiet suburban home unleashes unthinkable carnage when two officers mistakenly shoot a man and his infant child, spiraling the tragedy into a fierce, unrelenting fall into the unknown.",en,27,/xFpBNcG3Dlr8mYF5Kz9Tizs3Pxn.jpg,https://image.tmdb.org/t/p/w500/xFpBNcG3Dlr8mYF5Kz9Tizs3Pxn.jpg,/qmWypRw88VYp35oTQn0a1sqdZRs.jpg,https://image.tmdb.org/t/p/w500/qmWypRw88VYp35oTQn0a1sqdZRs.jpg,4.7,27,4.8288,False
undertone,2026-03-12,2026,1480387,The host of a popular paranormal podcast becomes haunted by terrifying recordings mysteriously sent her way.,en,"27,9648",/1wREWUEHzjDWSreNFbFLDO7YEaM.jpg,https://image.tmdb.org/t/p/w500/1wREWUEHzjDWSreNFbFLDO7YEaM.jpg,/pqHdlDdl99WWBoxhIdBRvxfr89K.jpg,https://image.tmdb.org/t/p/w500/pqHdlDdl99WWBoxhIdBRvxfr89K.jpg,6.2,27,5.0484,False
Pretty Lethal,2026-03-13,2026,1084187,A troupe of ballerinas find themselves fighting for survival as they attempt to escape from a remote inn after their bus breaks down on the way to a dance competition.,en,"10402,53,28,27",/znTPnXCK3lEQJgqXCvP7e5FUz6f.jpg,https://image.tmdb.org/t/p/w500/znTPnXCK3lEQJgqXCvP7e5FUz6f.jpg,/z3bzhmC0CPikWeerUkLO73YvGrC.jpg,https://image.tmdb.org/t/p/w500/z3bzhmC0CPikWeerUkLO73YvGrC.jpg,6.894,232,225.2905,False
Pizza Movie,2026-03-13,2026,1493859,"A shy college student and his reckless roommate set out on a simple mission to grab pizza, but after a strange dose of a mind-bending experimental drug, they're thrust into a chaotic night of absurd encounters, wild hallucinations, and unexpected revelations that could change their lives forever.",en,"35,12",/2c2ib9pS3BTIoMnYHi4z6t9nxuA.jpg,https://image.tmdb.org/t/p/w500/2c2ib9pS3BTIoMnYHi4z6t9nxuA.jpg,/75UkXLlLedidOGo0VogF0A0NPfC.jpg,https://image.tmdb.org/t/p/w500/75UkXLlLedidOGo0VogF0A0NPfC.jpg,6.563,48,76.359,False
Slanted,2026-03-13,2026,1297446,"An insecure Chinese-American teenager undergoes experimental surgery to appear white, hoping to secure the prom queen title and peer acceptance.",en,"35,27,878",/cr2SfN854IlEoZQBtIfpyC0zXR5.jpg,https://image.tmdb.org/t/p/w500/cr2SfN854IlEoZQBtIfpyC0zXR5.jpg,/mSZImtqReoXrrBQ0G3K874PMYG6.jpg,https://image.tmdb.org/t/p/w500/mSZImtqReoXrrBQ0G3K874PMYG6.jpg,6.9,13,2.8024,False
Mexicali,2026-03-13,2026,1636891,A former special forces contractor is forced out of retirement as an avocado farmer in Mexico when local gangsters try to force him and his family off their farm.,en,"28,18",/kQbmqipH7YvmILnB0PF8faOEcUp.jpg,https://image.tmdb.org/t/p/w500/kQbmqipH7YvmILnB0PF8faOEcUp.jpg,/zFvkgLY85gffP1ulQgzkEQPL8Nr.jpg,https://image.tmdb.org/t/p/w500/zFvkgLY85gffP1ulQgzkEQPL8Nr.jpg,5.563,8,2.0872,False
Storm Rider: Legend of Hammerhead,2026-03-13,2026,874860,"Centuries after the Great Flood, riders compete in death races on the water to secure shelter for their people behind the walls of Argos. Rebellious storm riders Neb and Ana look to uncover hidden truths by breaking through the storm.",en,"12,878,28",/l9JjrKhJRmL0PNpnCmMidf9JAt1.jpg,https://image.tmdb.org/t/p/w500/l9JjrKhJRmL0PNpnCmMidf9JAt1.jpg,/s6Lv7Md2KvZiqmA8pkKk5kvEoE6.jpg,https://image.tmdb.org/t/p/w500/s6Lv7Md2KvZiqmA8pkKk5kvEoE6.jpg,6.333,6,5.2541,False
Mike & Nick & Nick & Alice,2026-03-14,2026,1115544,"Two gangsters and the woman they love try to survive the most dangerous night of their lives. As if that wasn’t enough, there’s one wild ingredient added to the mix: a time machine.",en,"35,878,80",/7F0jc75HrSkLVcvOXR2FXAIwuEv.jpg,https://image.tmdb.org/t/p/w500/7F0jc75HrSkLVcvOXR2FXAIwuEv.jpg,/uNToXatdunyvWXyXMrTI1nLvh6r.jpg,https://image.tmdb.org/t/p/w500/uNToXatdunyvWXyXMrTI1nLvh6r.jpg,6.877,191,295.1354,False
Project Hail Mary,2026-03-15,2026,687163,"Science teacher Ryland Grace wakes up on a spaceship light years from home with no recollection of who he is or how he got there. As his memory returns, he begins to uncover his mission: solve the riddle of the mysterious substance causing the sun to die out. He must call on his scientific knowledge and unorthodox ideas to save everything on Earth from extinction… but an unexpected friendship means he may not have to do it alone.",en,"878,12",/yihdXomYb5kTeSivtFndMy5iDmf.jpg,https://image.tmdb.org/t/p/w500/yihdXomYb5kTeSivtFndMy5iDmf.jpg,/8Tfys3mDZVp4tNoH2ktm06a0Tau.jpg,https://image.tmdb.org/t/p/w500/8Tfys3mDZVp4tNoH2ktm06a0Tau.jpg,8.195,1145,211.1002,False
AEW Revolution,2026-03-15,2026,1604970,"The 2026 Revolution was a professional wrestling pay-per-view event produced by All Elite Wrestling (AEW) that took place on March 15, 2026, at the Crypto.com Arena in Los Angeles, California, and was headlined by MJF (c) vs. Adam Page in a Texas Death Match for the AEW World Championship.",en,,/v73D6g0OCAOZSywRKycG6iadDpx.jpg,https://image.tmdb.org/t/p/w500/v73D6g0OCAOZSywRKycG6iadDpx.jpg,/zQ851Y4cCGZnCTJ4NEdHIV6wWgK.jpg,https://image.tmdb.org/t/p/w500/zQ851Y4cCGZnCTJ4NEdHIV6wWgK.jpg,9.0,7,2.5752,False
The Plastic Detox,2026-03-16,2026,1636918,This eye-opening documentary follows six couples with unexplained infertility as they lower their exposure to plastics in hopes it helps them conceive.,en,99,/1FuExEaXy9ejGGm6VHCdirvk6zg.jpg,https://image.tmdb.org/t/p/w500/1FuExEaXy9ejGGm6VHCdirvk6zg.jpg,/q3VkiqQi7syrVANAK8PjgIry0Vx.jpg,https://image.tmdb.org/t/p/w500/q3VkiqQi7syrVANAK8PjgIry0Vx.jpg,7.556,9,2.7807,False
Inside the Rage Machine,2026-03-16,2026,1653045,"New whistleblowers and insiders from social media companies speak out to reveal how algorithms designed to connect people have been helping to tear them apart. With new testimony and documents, they expose a machine thriving on outrage and division as part of a business model, with radicalisation, real-world violence and fractured societies some of the consequences of a system built to shape how users think, feel and see the world.",en,99,/mJ5xvom8SXDrPazO7VzUVuQkrD1.jpg,https://image.tmdb.org/t/p/w500/mJ5xvom8SXDrPazO7VzUVuQkrD1.jpg,/AsI8whg3gX52x3g0qWUa1ACKo95.jpg,https://image.tmdb.org/t/p/w500/AsI8whg3gX52x3g0qWUa1ACKo95.jpg,3.25,6,0.5061,False
Ready or Not: Here I Come,2026-03-19,2026,1266127,"Moments after surviving an all-out attack from the Le Domas family, Grace discovers she’s reached the next level of the nightmarish game — and this time with her estranged sister Faith at her side. Grace has one chance to survive, keep her sister alive, and claim the High Seat of the Council that controls the world. Four rival families are hunting her for the throne, and whoever wins rules it all.",en,"27,35",/jRf89HVEtBZiSnOXXWDhZOfuTwW.jpg,https://image.tmdb.org/t/p/w500/jRf89HVEtBZiSnOXXWDhZOfuTwW.jpg,/jSxeFrFCajefwka3TTRY4k8XVEX.jpg,https://image.tmdb.org/t/p/w500/jSxeFrFCajefwka3TTRY4k8XVEX.jpg,7.214,110,49.0955,False
Do Not Enter,2026-03-19,2026,999136,"A group of young explorers investigates an old abandoned hotel, only to encounter a strange supernatural being and a competing group looking for a legendary hidden treasure.",en,27,/stM9N7eJmHKLmFR59JG4tLdN7Wk.jpg,https://image.tmdb.org/t/p/w500/stM9N7eJmHKLmFR59JG4tLdN7Wk.jpg,/8zyQbsmMlXfLkcctjNz5YZZwpkw.jpg,https://image.tmdb.org/t/p/w500/8zyQbsmMlXfLkcctjNz5YZZwpkw.jpg,5.4,52,82.1585,False
The Truth and Tragedy of Moriah Wilson,2026-03-19,2026,1629369,"An intimate, arresting portrait of cyclist Moriah Wilson—raised by a fierce, loving family—whose singular drive becomes her superpower, carrying her to athletic brilliance and, devastatingly, toward a life cut short by murder.",en,"99,80",/zoa2XatA43nKhF1kx8nVcVyH1M0.jpg,https://image.tmdb.org/t/p/w500/zoa2XatA43nKhF1kx8nVcVyH1M0.jpg,/xQFxoGYtwMBAq89DPa9gUcLlOdA.jpg,https://image.tmdb.org/t/p/w500/xQFxoGYtwMBAq89DPa9gUcLlOdA.jpg,6.875,8,9.5534,False
The Cure,2026-03-20,2026,1389881,An adopted 16-year-old with a mysterious illness learns her bio-tech billionaire parents are harvesting her blood for nefarious purposes.,en,"27,53",/enxF32km4P9gXYhAUXWgoVfQqg5.jpg,https://image.tmdb.org/t/p/w500/enxF32km4P9gXYhAUXWgoVfQqg5.jpg,/q0YwDyjYc7ymp1xml95ZPxIHUej.jpg,https://image.tmdb.org/t/p/w500/q0YwDyjYc7ymp1xml95ZPxIHUej.jpg,4.3,9,4.213,False
Hannah Montana 20th Anniversary Special,2026-03-23,2026,1637319,"Filmed in front of a live studio audience and hosted by Alex Cooper of 'Call Her Daddy' fame, Miley Cyrus reflects on the creation and impact of the series with never-before-seen archival footage, all the while interacting and reminiscing on some of the show's most memorable sets 'brought back to life' — including the Stewart family living room and the legendary Hannah Montana closet.",en,"99,10402",/2BZ0bij5ORSvfDepCDD8CqVcpaG.jpg,https://image.tmdb.org/t/p/w500/2BZ0bij5ORSvfDepCDD8CqVcpaG.jpg,/w9NnNrq1aOu9hXhhUyMhQMts1oM.jpg,https://image.tmdb.org/t/p/w500/w9NnNrq1aOu9hXhhUyMhQMts1oM.jpg,7.095,63,19.4345,False
Fuze,2026-03-23,2026,1242265,An unexploded WWII bomb is discovered on a busy construction site in the centre of London. Chaos ensues as the military and police begin a mass evacuation against a ticking clock.,en,"28,80,53",/oWehDe6fFR4eUdUMDy4jz6XiinO.jpg,https://image.tmdb.org/t/p/w500/oWehDe6fFR4eUdUMDy4jz6XiinO.jpg,/2J4e77TodIQGeyQQ6p6mZFoS20F.jpg,https://image.tmdb.org/t/p/w500/2J4e77TodIQGeyQQ6p6mZFoS20F.jpg,5.6,5,6.1083,False
They Will Kill You,2026-03-25,2026,1292695,"A woman answers a help wanted ad to be a housekeeper in a mysterious high-rise in New York City, not realizing she is entering a community that has seen a number of disappearances over the years and may be under the grip of a Satanic cult.",en,"27,28,35",/6oI4oQKTWMVUlr8Ivqydp28Ruu6.jpg,https://image.tmdb.org/t/p/w500/6oI4oQKTWMVUlr8Ivqydp28Ruu6.jpg,/qnTdOizsXBzYu3uIbfhHSfE29TE.jpg,https://image.tmdb.org/t/p/w500/qnTdOizsXBzYu3uIbfhHSfE29TE.jpg,6.5,114,36.5114,False
The Drama,2026-03-26,2026,1325734,A happily engaged couple is put to the test when an unexpected turn sends their wedding week off the rails.,en,"10749,35,18",/rnIOUhzwJDfgQakx8EjoNyItKgs.jpg,https://image.tmdb.org/t/p/w500/rnIOUhzwJDfgQakx8EjoNyItKgs.jpg,/1oKLEA9JOhvaBwLpqjROisvWMy7.jpg,https://image.tmdb.org/t/p/w500/1oKLEA9JOhvaBwLpqjROisvWMy7.jpg,7.079,184,74.9519,False
Forbidden Fruits,2026-03-26,2026,1450527,"Free Eden employee Apple secretly runs a witchy femme cult in the basement of the mall store after hours – with fellow fruits Cherry and Fig. But, when new hire Pumpkin challenges their performative sisterhood, the women are forced to face their own poisons or succumb to a bloody fate.",en,"27,35",/t3hvrrrqvRoURz4y1A1aCys6WD9.jpg,https://image.tmdb.org/t/p/w500/t3hvrrrqvRoURz4y1A1aCys6WD9.jpg,/6xEdQND18WFuKeRNwfzMfKHoK5N.jpg,https://image.tmdb.org/t/p/w500/6xEdQND18WFuKeRNwfzMfKHoK5N.jpg,7.0,12,12.9413,False
The Magic Faraway Tree,2026-03-26,2026,1140521,"A modern family relocates to the countryside where the children discover a magical tree with eccentric residents. They're transported to fantastical lands, rekindling their family bond through adventures.",en,"10751,14,12",/mtS8mW6aLuartATut8TrD39zTIG.jpg,https://image.tmdb.org/t/p/w500/mtS8mW6aLuartATut8TrD39zTIG.jpg,/3o7t1gF0wbXAtELCkIcYyPXoIxA.jpg,https://image.tmdb.org/t/p/w500/3o7t1gF0wbXAtELCkIcYyPXoIxA.jpg,6.8,5,6.7009,False
Untold: The Death & Life of Lamar Odom,2026-03-31,2026,1641961,"This documentary traces the life of Lamar Odom, from his rise to NBA fame and marriage to Khloé Kardashian to his near-fatal overdose in a Nevada brothel.",en,99,/9Go8VKSzJIzn65b9c9l02ymHRlv.jpg,https://image.tmdb.org/t/p/w500/9Go8VKSzJIzn65b9c9l02ymHRlv.jpg,/sLHSspHOdkTdK30nZVigY4zxC8P.jpg,https://image.tmdb.org/t/p/w500/sLHSspHOdkTdK30nZVigY4zxC8P.jpg,6.889,9,7.4971,False
The Super Mario Galaxy Movie,2026-04-01,2026,1226863,"Having thwarted Bowser's previous plot to marry Princess Peach, Mario and Luigi now face a fresh threat in Bowser Jr., who is determined to liberate his father from captivity and restore the family legacy. Alongside companions new and old, the brothers travel across the stars to stop the young heir's crusade.",en,"16,12,14,10751,35,878",/eJGWx219ZcEMVQJhAgMiqo8tYY.jpg,https://image.tmdb.org/t/p/w500/eJGWx219ZcEMVQJhAgMiqo8tYY.jpg,/kxQiIJ4gVcD3K6o14MJ72p5yRcE.jpg,https://image.tmdb.org/t/p/w500/kxQiIJ4gVcD3K6o14MJ72p5yRcE.jpg,6.917,309,294.0076,False
S4: The Bob Lazar Story,2026-04-03,2026,1462146,"Over 35 years after Bob Lazar's revelations, this documentary exposes secrets of a facility the government still denies. Featuring Lazar's testimony, recreations, and new evidence, it reopens a case that continues to spark global curiosity",en,99,/9ipDFr3eSAIqTLDYdKwuFAsOxc9.jpg,https://image.tmdb.org/t/p/w500/9ipDFr3eSAIqTLDYdKwuFAsOxc9.jpg,/pxpzRmzbOywu1sHCT8oSOScsQJ.jpg,https://image.tmdb.org/t/p/w500/pxpzRmzbOywu1sHCT8oSOScsQJ.jpg,8.438,8,22.2882,False
Finding Harry: The Craft Behind the Magic,2026-04-05,2026,1662432,"Featuring interviews from members of the casting, production design, costume design, and creature effects teams, follow the behind-the-scenes journey of bringing the Harry Potter books to the small screen. Find out how the new Golden Trio were found, and celebrate the commitment to detail of the artists, craftspeople, and technicians who have come together to bring the wizarding world to life.",en,99,/aq8jKIfASiOR6wz9FCeeCH90xZq.jpg,https://image.tmdb.org/t/p/w500/aq8jKIfASiOR6wz9FCeeCH90xZq.jpg,/4KvkiRVWsLJf4ifIDfvxSbupu2M.jpg,https://image.tmdb.org/t/p/w500/4KvkiRVWsLJf4ifIDfvxSbupu2M.jpg,7.462,13,21.1814,False
